Step,Value
1,0.4229
51,0.8107
101,0.7916
151,0.8444
201,0.8051
251,0.7849
301,0.8378
351,0.8415
401,0.855
451,0.8526
501,0.8545
551,0.8575
601,0.8538
651,0.8517
701,0.8454
751,0.8441
801,0.8363
851,0.8382
901,0.8371
951,0.8323
1001,0.8353
1051,0.8323
1101,0.831
1151,0.8338
1201,0.8345
1251,0.8315
1301,0.8339
1351,0.831
1401,0.8301
1451,0.8293
1501,0.8304
1551,0.8348
1601,0.8321
1651,0.8292
1701,0.8282
1751,0.8267
1801,0.8243
1851,0.8205
1901,0.8157
1951,0.8114
2001,0.8119
2051,0.8078
2101,0.8004
2151,0.7981
2201,0.7948
2251,0.7946
2301,0.7912
2351,0.7869
2401,0.7831
2451,0.7813
2501,0.7777
2551,0.7735
2601,0.771
2651,0.7669
2701,0.7631
2751,0.7615
2801,0.7568
2851,0.7549
2901,0.7543
2951,0.7498
3001,0.746
3051,0.7429
3101,0.7422
3151,0.7395
3201,0.7362
3251,0.7327
3301,0.7299
3351,0.7269
3401,0.7228
3451,0.72
3501,0.7166
3551,0.7147
3601,0.712
3651,0.7107
3701,0.7077
3751,0.705
3801,0.7041
3851,0.7021
3901,0.6995
3951,0.697
4001,0.6954
4051,0.6931
4101,0.6913
4151,0.6887
4201,0.6888
4251,0.6865
4301,0.6867
4351,0.6849
4401,0.6842
4451,0.6825
4501,0.6798
4551,0.6775
4601,0.6756
4651,0.6728
4701,0.6719
4751,0.6703
4801,0.6694
4851,0.6678
4898,0.2014
4948,0.6129
4998,0.5269
5048,0.5123
5098,0.5014
5148,0.4899
5198,0.489
5248,0.4938
5298,0.4988
5348,0.5013
5398,0.5015
5448,0.5026
5498,0.4971
5548,0.4956
5598,0.4911
5648,0.4944
5698,0.4899
5748,0.4835
5798,0.4876
5848,0.4876
5898,0.483
5948,0.4792
5998,0.4759
6048,0.4769
6098,0.4756
6148,0.4752
6198,0.4779
6248,0.4759
6298,0.4739
6348,0.4773
6398,0.4764
6448,0.4774
6498,0.4771
6548,0.4761
6598,0.4754
6648,0.4774
6698,0.4763
6748,0.4768
6798,0.4779
6848,0.4778
6898,0.4784
6948,0.4764
6998,0.4792
7048,0.4781
7098,0.4803
7148,0.48
7198,0.4801
7248,0.4797
7298,0.4804
7348,0.4804
7398,0.4783
7448,0.4778
7498,0.4774
7548,0.4791
7598,0.4781
7648,0.4779
7698,0.4769
7748,0.4763
7798,0.4789
7848,0.479
7898,0.4785
7948,0.4785
7998,0.478
8048,0.4783
8098,0.4799
8148,0.4808
8198,0.4803
8248,0.4794
8298,0.4786
8348,0.4783
8398,0.4784
8448,0.4785
8498,0.4779
8548,0.4787
8598,0.479
8648,0.4779
8698,0.4777
8748,0.4781
8798,0.478
8848,0.4786
8898,0.4784
8948,0.4795
8998,0.4778
9048,0.4781
9098,0.4796
9148,0.478
9198,0.477
9248,0.4769
9298,0.4766
9348,0.4782
9398,0.4787
9448,0.4782
9498,0.4776
9548,0.4772
9598,0.478
9648,0.4779
9698,0.4785
9748,0.4778
9795,1.0461
9845,0.4447
9895,0.4379
9945,0.4766
9995,0.4835
10045,0.4701
10095,0.4502
10145,0.4434
10195,0.4331
10245,0.4322
10295,0.4325
10345,0.4272
10395,0.4358
10445,0.4367
10495,0.4495
10545,0.4492
10595,0.4575
10645,0.4528
10695,0.4541
10745,0.4529
10795,0.4479
10845,0.4467
10895,0.4474
10945,0.446
10995,0.4451
11045,0.4436
11095,0.4421
11145,0.4422
11195,0.4411
11245,0.4418
11295,0.4407
11345,0.4387
11395,0.4389
11445,0.437
11495,0.439
11545,0.4395
11595,0.4409
11645,0.4413
11695,0.4397
11745,0.4406
11795,0.4432
11845,0.4416
11895,0.4404
11945,0.4377
11995,0.44
12045,0.4399
12095,0.4399
12145,0.4387
12195,0.4367
12245,0.4366
12295,0.4359
12345,0.4365
12395,0.4358
12445,0.436
12495,0.4356
12545,0.4342
12595,0.4335
12645,0.435
12695,0.4345
12745,0.4338
12795,0.4329
12845,0.4346
12895,0.4365
12945,0.4365
12995,0.4363
13045,0.4364
13095,0.4373
13145,0.4368
13195,0.4371
13245,0.4367
13295,0.4367
13345,0.4374
13395,0.4364
13445,0.4352
13495,0.4354
13545,0.4342
13595,0.4338
13645,0.434
13695,0.4343
13745,0.4346
13795,0.4345
13845,0.4353
13895,0.4356
13945,0.4347
13995,0.4342
14045,0.434
14095,0.4341
14145,0.4334
14195,0.433
14245,0.4337
14295,0.4336
14345,0.4343
14395,0.4337
14445,0.4339
14495,0.4334
14545,0.4325
14595,0.4336
14645,0.435
14692,0.2379
14742,0.437
14792,0.3788
14842,0.3961
14892,0.3978
14942,0.3859
14992,0.4165
15042,0.4126
15092,0.4117
15142,0.4092
15192,0.4101
15242,0.4075
15292,0.405
15342,0.4053
15392,0.4091
15442,0.4093
15492,0.41
15542,0.4054
15592,0.4049
15642,0.4048
15692,0.4065
15742,0.4102
15792,0.4127
15842,0.4081
15892,0.4094
15942,0.4071
15992,0.4074
16042,0.4063
16092,0.4074
16142,0.4067
16192,0.4049
16242,0.4051
16292,0.4052
16342,0.4038
16392,0.4041
16442,0.4049
16492,0.4061
16542,0.413
16592,0.4154
16642,0.4145
16692,0.4135
16742,0.4143
16792,0.4126
16842,0.4136
16892,0.4136
16942,0.4147
16992,0.4128
17042,0.412
17092,0.411
17142,0.41
17192,0.4105
17242,0.4093
17292,0.4094
17342,0.408
17392,0.408
17442,0.4081
17492,0.4103
17542,0.4101
17592,0.4109
17642,0.411
17692,0.4127
17742,0.4124
17792,0.4116
17842,0.4121
17892,0.4118
17942,0.4113
17992,0.4113
18042,0.4113
18092,0.4103
18142,0.4097
18192,0.4105
18242,0.4096
18292,0.41
18342,0.4097
18392,0.4103
18442,0.4112
18492,0.4099
18542,0.4095
18592,0.4101
18642,0.4095
18692,0.4102
18742,0.4096
18792,0.4087
18842,0.4093
18892,0.4097
18942,0.409
18992,0.4091
19042,0.4091
19092,0.409
19142,0.4092
19192,0.4098
19242,0.4095
19292,0.4093
19342,0.4096
19392,0.4105
19442,0.4113
19492,0.4107
19542,0.4116
19589,0.2762
19639,0.3355
19689,0.3589
19739,0.3788
19789,0.3795
19839,0.3662
19889,0.3671
19939,0.3604
19989,0.3635
20039,0.3609
20089,0.3685
20139,0.366
20189,0.3719
20239,0.374
20289,0.3833
20339,0.3799
20389,0.3815
20439,0.3962
20489,0.3951
20539,0.3947
20589,0.3967
20639,0.3995
20689,0.3988
20739,0.3976
20789,0.3945
20839,0.3945
20889,0.3941
20939,0.3904
20989,0.3902
21039,0.3914
21089,0.3916
21139,0.3898
21189,0.3913
21239,0.3897
21289,0.388
21339,0.3875
21389,0.3867
21439,0.3866
21489,0.3851
21539,0.3844
21589,0.3859
21639,0.388
21689,0.3879
21739,0.387
21789,0.3854
21839,0.3877
21889,0.3875
21939,0.3879
21989,0.3891
22039,0.3883
22089,0.3885
22139,0.3884
22189,0.3868
22239,0.3893
22289,0.3885
22339,0.3875
22389,0.3883
22439,0.3906
22489,0.3919
22539,0.3916
22589,0.3915
22639,0.3908
22689,0.3909
22739,0.3927
22789,0.3919
22839,0.3908
22889,0.3902
22939,0.3898
22989,0.3902
23039,0.3899
23089,0.3901
23139,0.3901
23189,0.3902
23239,0.3903
23289,0.3893
23339,0.3889
23389,0.3885
23439,0.388
23489,0.3874
23539,0.3869
23589,0.3871
23639,0.3874
23689,0.3889
23739,0.3889
23789,0.3892
23839,0.3904
23889,0.3899
23939,0.3899
23989,0.3898
24039,0.39
24089,0.3899
24139,0.3901
24189,0.3895
24239,0.3888
24289,0.389
24339,0.3898
24389,0.3905
24439,0.3908
24486,0.1729
24536,0.323
24586,0.3176
24636,0.3226
24686,0.3225
24736,0.3444
24786,0.3464
24836,0.3439
24886,0.3474
24936,0.3449
24986,0.3507
25036,0.355
25086,0.3602
25136,0.3576
25186,0.3625
25236,0.3659
25286,0.368
25336,0.3654
25386,0.3632
25436,0.3627
25486,0.3656
25536,0.3686
25586,0.3694
25636,0.3733
25686,0.3735
25736,0.3733
25786,0.3742
25836,0.3738
25886,0.375
25936,0.3752
25986,0.3794
26036,0.3791
26086,0.3776
26136,0.3801
26186,0.3808
26236,0.3829
26286,0.3807
26336,0.3798
26386,0.3787
26436,0.379
26486,0.3784
26536,0.3777
26586,0.3753
26636,0.3752
26686,0.3742
26736,0.3725
26786,0.3727
26836,0.3736
26886,0.3764
26936,0.3765
26986,0.375
27036,0.3755
27086,0.3768
27136,0.3772
27186,0.376
27236,0.3778
27286,0.3784
27336,0.3783
27386,0.38
27436,0.3805
27486,0.3799
27536,0.3793
27586,0.3798
27636,0.38
27686,0.3791
27736,0.3789
27786,0.3801
27836,0.3796
27886,0.3807
27936,0.3815
27986,0.3815
28036,0.381
28086,0.3815
28136,0.3813
28186,0.3826
28236,0.3821
28286,0.3812
28336,0.3805
28386,0.382
28436,0.3819
28486,0.3825
28536,0.3846
28586,0.384
28636,0.3833
28686,0.3829
28736,0.3827
28786,0.3834
28836,0.383
28886,0.3818
28936,0.3822
28986,0.3814
29036,0.3809
29086,0.3812
29136,0.3813
29186,0.3806
29236,0.3803
29286,0.3798
29336,0.3791
29383,0.1825
29433,0.3417
29483,0.3593
29533,0.3642
29583,0.3545
29633,0.3513
29683,0.3497
29733,0.3565
29783,0.3639
29833,0.365
29883,0.3608
29933,0.3597
29983,0.3558
30033,0.3573
30083,0.3561
30133,0.3588
30183,0.3572
30233,0.3578
30283,0.3588
30333,0.3576
30383,0.3615
30433,0.3606
30483,0.3584
30533,0.3573
30583,0.36
30633,0.3613
30683,0.36
30733,0.3588
30783,0.359
30833,0.3599
30883,0.3581
30933,0.3589
30983,0.3584
31033,0.3577
31083,0.3591
31133,0.3584
31183,0.3585
31233,0.3602
31283,0.3598
31333,0.3626
31383,0.3644
31433,0.3649
31483,0.3632
31533,0.3623
31583,0.3637
31633,0.3646
31683,0.3641
31733,0.3644
31783,0.364
31833,0.3662
31883,0.3659
31933,0.3668
31983,0.3721
32033,0.3721
32083,0.3722
32133,0.3722
32183,0.3714
32233,0.3702
32283,0.3706
32333,0.3699
32383,0.3693
32433,0.3701
32483,0.3701
32533,0.37
32583,0.3694
32633,0.3692
32683,0.3683
32733,0.3678
32783,0.3672
32833,0.367
32883,0.3661
32933,0.3665
32983,0.3661
33033,0.3664
33083,0.3679
33133,0.3679
33183,0.3681
33233,0.3684
33283,0.3681
33333,0.3682
33383,0.3678
33433,0.3672
33483,0.3671
33533,0.3668
33583,0.3669
33633,0.3659
33683,0.3669
33733,0.3675
33783,0.3676
33833,0.3678
33883,0.3676
33933,0.3677
33983,0.3686
34033,0.3684
34083,0.3684
34133,0.3683
34183,0.368
34233,0.369
34280,0.2598
34330,0.3225
34380,0.3259
34430,0.3369
34480,0.3485
34530,0.3494
34580,0.3557
34630,0.353
34680,0.3468
34730,0.3466
34780,0.3498
34830,0.3639
34880,0.3596
34930,0.3616
34980,0.3658
35030,0.3652
35080,0.3679
35130,0.3683
35180,0.3698
35230,0.3731
35280,0.3749
35330,0.375
35380,0.381
35430,0.3764
35480,0.373
35530,0.3747
35580,0.3719
35630,0.3733
35680,0.3717
35730,0.3716
35780,0.3706
35830,0.3697
35880,0.3688
35930,0.3693
35980,0.3699
36030,0.3691
36080,0.3691
36130,0.3681
36180,0.3683
36230,0.3673
36280,0.3662
36330,0.3662
36380,0.3677
36430,0.3672
36480,0.3672
36530,0.3678
36580,0.3676
36630,0.3675
36680,0.3688
36730,0.3699
36780,0.369
36830,0.3687
36880,0.3677
36930,0.3669
36980,0.3664
37030,0.3668
37080,0.3657
37130,0.3648
37180,0.3662
37230,0.3659
37280,0.3665
37330,0.3657
37380,0.3666
37430,0.3656
37480,0.365
37530,0.3647
37580,0.3648
37630,0.365
37680,0.3672
37730,0.3672
37780,0.3666
37830,0.367
37880,0.3673
37930,0.3666
37980,0.3653
38030,0.3648
38080,0.3647
38130,0.3639
38180,0.3631
38230,0.362
38280,0.3616
38330,0.362
38380,0.3623
38430,0.3625
38480,0.362
38530,0.3618
38580,0.3623
38630,0.3625
38680,0.3626
38730,0.3619
38780,0.3609
38830,0.3607
38880,0.3612
38930,0.3605
38980,0.36
39030,0.3602
39080,0.3594
39130,0.3588
39177,0.6695
39227,0.3219
39277,0.3471
39327,0.353
39377,0.3408
39427,0.3464
39477,0.3577
39527,0.3546
39577,0.354
39627,0.3518
39677,0.351
39727,0.3492
39777,0.3495
39827,0.3478
39877,0.3451
39927,0.3424
39977,0.342
40027,0.3431
40077,0.3415
40127,0.3454
40177,0.3471
40227,0.3476
40277,0.3497
40327,0.3474
40377,0.3514
40427,0.3509
40477,0.3475
40527,0.3473
40577,0.3484
40627,0.3497
40677,0.3524
40727,0.351
40777,0.3506
40827,0.3502
40877,0.3501
40927,0.3485
40977,0.3542
41027,0.3557
41077,0.3557
41127,0.3554
41177,0.3541
41227,0.3535
41277,0.3541
41327,0.3541
41377,0.3535
41427,0.3555
41477,0.3563
41527,0.3574
41577,0.3609
41627,0.3604
41677,0.3592
41727,0.3578
41777,0.3579
41827,0.3565
41877,0.3555
41927,0.3553
41977,0.3536
42027,0.3532
42077,0.3544
42127,0.3541
42177,0.3536
42227,0.3523
42277,0.3523
42327,0.352
42377,0.3521
42427,0.3528
42477,0.3529
42527,0.3524
42577,0.352
42627,0.3523
42677,0.3519
42727,0.3538
42777,0.3538
42827,0.3536
42877,0.3528
42927,0.3525
42977,0.3527
43027,0.3531
43077,0.3538
43127,0.3531
43177,0.3533
43227,0.3536
43277,0.3535
43327,0.3538
43377,0.354
43427,0.3536
43477,0.354
43527,0.3532
43577,0.3532
43627,0.3526
43677,0.3519
43727,0.3516
43777,0.3513
43827,0.3519
43877,0.352
43927,0.3523
43977,0.3521
44027,0.3525
44074,0.212
44124,0.3436
44174,0.3283
44224,0.3495
44274,0.3465
44324,0.3452
44374,0.3473
44424,0.355
44474,0.3471
44524,0.3488
44574,0.3416
44624,0.335
44674,0.3319
44724,0.3336
44774,0.3398
44824,0.3404
44874,0.3412
44924,0.3433
44974,0.3466
45024,0.3471
45074,0.3472
45124,0.345
45174,0.3469
45224,0.3477
45274,0.3512
45324,0.3488
45374,0.3459
45424,0.3458
45474,0.3461
45524,0.3501
45574,0.3493
45624,0.3482
45674,0.3482
45724,0.3483
45774,0.3493
45824,0.3508
45874,0.3515
45924,0.3535
45974,0.3534
46024,0.3528
46074,0.3536
46124,0.3536
46174,0.3522
46224,0.3532
46274,0.3528
46324,0.3532
46374,0.3527
46424,0.3523
46474,0.3528
46524,0.354
46574,0.3532
46624,0.3517
46674,0.3531
46724,0.353
46774,0.3534
46824,0.3531
46874,0.3532
46924,0.3541
46974,0.3537
47024,0.3527
47074,0.3517
47124,0.3521
47174,0.3515
47224,0.351
47274,0.3514
47324,0.3511
47374,0.3518
47424,0.3512
47474,0.3516
47524,0.3511
47574,0.3507
47624,0.3504
47674,0.3502
47724,0.3492
47774,0.3488
47824,0.3485
47874,0.3484
47924,0.3484
47974,0.3485
48024,0.3483
48074,0.3486
48124,0.3476
48174,0.3472
48224,0.3472
48274,0.3469
48324,0.3468
48374,0.3476
48424,0.3468
48474,0.3463
48524,0.3468
48574,0.3464
48624,0.3458
48674,0.3456
48724,0.3452
48774,0.3453
48824,0.3455
48874,0.3458
48924,0.3454
48971,0.2238
49021,0.3014
49071,0.3501
49121,0.369
49171,0.3531
49221,0.3468
49271,0.3377
49321,0.3355
49371,0.3332
49421,0.3354
49471,0.3312
49521,0.3277
49571,0.3265
49621,0.3267
49671,0.3243
49721,0.3249
49771,0.3249
49821,0.3283
49871,0.3333
49921,0.3312
49971,0.3308
50021,0.3343
50071,0.3332
50121,0.3385
50171,0.3398
50221,0.3401
50271,0.3389
50321,0.3377
50371,0.338
50421,0.3366
50471,0.3383
50521,0.3398
50571,0.3441
50621,0.3434
50671,0.3433
50721,0.3431
50771,0.3435
50821,0.3445
50871,0.3448
50921,0.3433
50971,0.3442
51021,0.3448
51071,0.3454
51121,0.3459
51171,0.3439
51221,0.3431
51271,0.3423
51321,0.3419
51371,0.3426
51421,0.342
51471,0.3429
51521,0.3417
51571,0.3411
51621,0.3399
51671,0.3393
51721,0.3379
51771,0.3383
51821,0.3394
51871,0.3389
51921,0.3378
51971,0.3386
52021,0.3385
52071,0.339
52121,0.3382
52171,0.3385
52221,0.3376
52271,0.3381
52321,0.3379
52371,0.3369
52421,0.3378
52471,0.3377
52521,0.3371
52571,0.3376
52621,0.337
52671,0.3372
52721,0.3372
52771,0.3371
52821,0.3374
52871,0.3377
52921,0.3376
52971,0.3375
53021,0.3371
53071,0.3366
53121,0.3369
53171,0.3367
53221,0.3363
53271,0.3367
53321,0.3371
53371,0.3371
53421,0.337
53471,0.3368
53521,0.3388
53571,0.3385
53621,0.3381
53671,0.3384
53721,0.338
53771,0.3381
53821,0.3382
53868,0.2491
53918,0.347
53968,0.3295
54018,0.3316
54068,0.3493
54118,0.343
54168,0.3424
54218,0.3422
54268,0.3418
54318,0.3489
54368,0.3498
54418,0.3447
54468,0.3425
54518,0.3429
54568,0.3459
54618,0.3411
54668,0.3406
54718,0.3378
54768,0.3378
54818,0.34
54868,0.3395
54918,0.3391
54968,0.344
55018,0.3425
55068,0.3422
55118,0.3435
55168,0.3448
55218,0.342
55268,0.3413
55318,0.34
55368,0.3392
55418,0.3382
55468,0.3371
55518,0.3356
55568,0.3354
55618,0.3339
55668,0.3328
55718,0.3323
55768,0.3335
55818,0.3331
55868,0.3335
55918,0.3347
55968,0.3337
56018,0.3334
56068,0.3333
56118,0.3339
56168,0.3327
56218,0.3341
56268,0.3337
56318,0.3339
56368,0.336
56418,0.3354
56468,0.335
56518,0.3348
56568,0.3347
56618,0.334
56668,0.3357
56718,0.3366
56768,0.3364
56818,0.3354
56868,0.3355
56918,0.3363
56968,0.3356
57018,0.3354
57068,0.335
57118,0.3363
57168,0.3359
57218,0.3366
57268,0.3357
57318,0.3346
57368,0.3342
57418,0.3339
57468,0.3335
57518,0.3328
57568,0.3327
57618,0.3325
57668,0.3329
57718,0.3328
57768,0.3334
57818,0.3342
57868,0.3346
57918,0.3341
57968,0.3335
58018,0.3338
58068,0.3334
58118,0.3343
58168,0.3337
58218,0.3336
58268,0.3329
58318,0.3331
58368,0.3331
58418,0.3329
58468,0.333
58518,0.3333
58568,0.3332
58618,0.3326
58668,0.3323
58718,0.3318
58765,0.528
58815,0.3168
58865,0.3377
58915,0.3386
58965,0.3189
59015,0.321
59065,0.3196
59115,0.3209
59165,0.3134
59215,0.3148
59265,0.3154
59315,0.3191
59365,0.3211
59415,0.3225
59465,0.3227
59515,0.3197
59565,0.3186
59615,0.317
59665,0.3176
59715,0.3165
59765,0.3149
59815,0.3163
59865,0.3142
59915,0.316
59965,0.3167
60015,0.317
60065,0.3164
60115,0.3178
60165,0.3196
60215,0.3175
60265,0.3165
60315,0.315
60365,0.3176
60415,0.3182
60465,0.3227
60515,0.3266
60565,0.3271
60615,0.3308
60665,0.3291
60715,0.3279
60765,0.3269
60815,0.3261
60865,0.3284
60915,0.3289
60965,0.3287
61015,0.3306
61065,0.3318
61115,0.3324
61165,0.3315
61215,0.3324
61265,0.3334
61315,0.3336
61365,0.3347
61415,0.3337
61465,0.3342
61515,0.3342
61565,0.3341
61615,0.3348
61665,0.3348
61715,0.3343
61765,0.3341
61815,0.3334
61865,0.3334
61915,0.3336
61965,0.333
62015,0.3326
62065,0.3328
62115,0.3321
62165,0.3316
62215,0.3321
62265,0.3321
62315,0.3312
62365,0.3313
62415,0.3305
62465,0.3305
62515,0.3298
62565,0.3297
62615,0.3302
62665,0.3299
62715,0.3302
62765,0.3302
62815,0.33
62865,0.3298
62915,0.3296
62965,0.3291
63015,0.3286
63065,0.3282
63115,0.3283
63165,0.3288
63215,0.3285
63265,0.3278
63315,0.328
63365,0.3279
63415,0.3278
63465,0.3289
63515,0.3286
63565,0.3285
63615,0.3285
63662,0.1827
63712,0.3455
63762,0.343
63812,0.333
63862,0.3491
63912,0.3317
63962,0.3235
64012,0.321
64062,0.3183
64112,0.3162
64162,0.3119
64212,0.3118
64262,0.3077
64312,0.3052
64362,0.3068
64412,0.3081
64462,0.3082
64512,0.3076
64562,0.3095
64612,0.3091
64662,0.31
64712,0.3079
64762,0.3093
64812,0.308
64862,0.308
64912,0.3147
64962,0.3132
65012,0.3134
65062,0.316
65112,0.3159
65162,0.3153
65212,0.3147
65262,0.3171
65312,0.3188
65362,0.319
65412,0.3201
65462,0.3199
65512,0.3189
65562,0.3189
65612,0.3205
65662,0.3201
65712,0.3217
65762,0.321
65812,0.3196
65862,0.3184
65912,0.32
65962,0.32
66012,0.3201
66062,0.3207
66112,0.3211
66162,0.3201
66212,0.3196
66262,0.3204
66312,0.321
66362,0.3202
66412,0.3206
66462,0.3213
66512,0.3222
66562,0.3237
66612,0.325
66662,0.3243
66712,0.3236
66762,0.3236
66812,0.3239
66862,0.3255
66912,0.3256
66962,0.3261
67012,0.3262
67062,0.3265
67112,0.3261
67162,0.3271
67212,0.3266
67262,0.3263
67312,0.3266
67362,0.3262
67412,0.3263
67462,0.3259
67512,0.3263
67562,0.3263
67612,0.3256
67662,0.3258
67712,0.3257
67762,0.3256
67812,0.3254
67862,0.3263
67912,0.3262
67962,0.3256
68012,0.3259
68062,0.3257
68112,0.3252
68162,0.3255
68212,0.3261
68262,0.3255
68312,0.3255
68362,0.326
68412,0.3266
68462,0.3264
68512,0.3262
68559,0.6766
68609,0.356
68659,0.3216
68709,0.3145
68759,0.3192
68809,0.3169
68859,0.3234
68909,0.3204
68959,0.3222
69009,0.3311
69059,0.3246
69109,0.3248
69159,0.333
69209,0.3341
69259,0.3324
69309,0.3359
69359,0.3362
69409,0.3355
69459,0.3334
69509,0.3323
69559,0.3315
69609,0.3318
69659,0.3325
69709,0.3329
69759,0.3316
69809,0.3306
69859,0.3289
69909,0.3275
69959,0.3281
70009,0.3271
70059,0.3255
70109,0.3235
70159,0.3217
70209,0.3201
70259,0.3204
70309,0.3251
70359,0.3258
70409,0.3273
70459,0.3273
70509,0.3264
70559,0.3263
70609,0.3249
70659,0.3233
70709,0.3229
70759,0.3218
70809,0.3198
70859,0.3205
70909,0.321
70959,0.3202
71009,0.3196
71059,0.3187
71109,0.3192
71159,0.3197
71209,0.3198
71259,0.3191
71309,0.319
71359,0.3185
71409,0.3178
71459,0.3185
71509,0.3187
71559,0.3185
71609,0.3182
71659,0.3191
71709,0.3186
71759,0.3185
71809,0.3185
71859,0.3176
71909,0.3179
71959,0.3175
72009,0.319
72059,0.319
72109,0.3187
72159,0.3188
72209,0.3188
72259,0.3202
72309,0.3199
72359,0.3202
72409,0.3199
72459,0.3196
72509,0.3195
72559,0.3215
72609,0.322
72659,0.3222
72709,0.3217
72759,0.3212
72809,0.3213
72859,0.3215
72909,0.3214
72959,0.3212
73009,0.3213
73059,0.3211
73109,0.3205
73159,0.3201
73209,0.3205
73259,0.3207
73309,0.321
73359,0.3208
73409,0.3209
73456,0.1579
73506,0.3125
73556,0.2959
73606,0.2995
73656,0.3077
73706,0.3088
73756,0.2965
73806,0.2985
73856,0.3004
73906,0.3015
73956,0.2986
74006,0.3035
74056,0.3057
74106,0.3072
74156,0.308
74206,0.3074
74256,0.3066
74306,0.3122
74356,0.309
74406,0.3086
74456,0.3067
74506,0.3086
74556,0.3064
74606,0.3087
74656,0.3073
74706,0.3074
74756,0.3071
74806,0.3071
74856,0.3061
74906,0.3067
74956,0.3067
75006,0.309
75056,0.3102
75106,0.3106
75156,0.3114
75206,0.3115
75256,0.3107
75306,0.3109
75356,0.3104
75406,0.3091
75456,0.3088
75506,0.3088
75556,0.309
75606,0.3095
75656,0.3077
75706,0.3096
75756,0.3099
75806,0.3102
75856,0.3111
75906,0.3101
75956,0.3123
76006,0.3131
76056,0.3137
76106,0.3136
76156,0.3135
76206,0.3127
76256,0.3134
76306,0.3136
76356,0.3137
76406,0.313
76456,0.3142
76506,0.3138
76556,0.3137
76606,0.3137
76656,0.3129
76706,0.3138
76756,0.3141
76806,0.3162
76856,0.3171
76906,0.3169
76956,0.3169
77006,0.3163
77056,0.3171
77106,0.3171
77156,0.3169
77206,0.3166
77256,0.3166
77306,0.3159
77356,0.3153
77406,0.3152
77456,0.3155
77506,0.3172
77556,0.3175
77606,0.3172
77656,0.317
77706,0.3172
77756,0.3166
77806,0.3167
77856,0.317
77906,0.317
77956,0.318
78006,0.3181
78056,0.318
78106,0.3176
78156,0.3178
78206,0.3174
78256,0.3177
78306,0.3175
78353,0.17
78403,0.377
78453,0.3646
78503,0.3593
78553,0.338
78603,0.3366
78653,0.3381
78703,0.3395
78753,0.3366
78803,0.3277
78853,0.3365
78903,0.3299
78953,0.3246
79003,0.3279
79053,0.3268
79103,0.3302
79153,0.325
79203,0.3254
79253,0.3237
79303,0.3238
79353,0.3266
79403,0.326
79453,0.3261
79503,0.325
79553,0.3233
79603,0.322
79653,0.3196
79703,0.3195
79753,0.3184
79803,0.3177
79853,0.3172
79903,0.3169
79953,0.3168
80003,0.3175
80053,0.3171
80103,0.3182
80153,0.3202
80203,0.3208
80253,0.3207
80303,0.3208
80353,0.3197
80403,0.32
80453,0.3196
80503,0.3182
80553,0.3169
80603,0.3158
80653,0.3165
80703,0.3158
80753,0.3148
80803,0.3139
80853,0.3135
80903,0.3151
80953,0.3144
81003,0.3143
81053,0.3159
81103,0.3155
81153,0.3154
81203,0.3141
81253,0.3165
81303,0.3158
81353,0.3166
81403,0.3164
81453,0.3163
81503,0.3152
81553,0.3158
81603,0.316
81653,0.3156
81703,0.3147
81753,0.3145
81803,0.3137
81853,0.3144
81903,0.3149
81953,0.3163
82003,0.3161
82053,0.3155
82103,0.3152
82153,0.3147
82203,0.3147
82253,0.3151
82303,0.3152
82353,0.3147
82403,0.3153
82453,0.3147
82503,0.3143
82553,0.314
82603,0.314
82653,0.3145
82703,0.3148
82753,0.3147
82803,0.3146
82853,0.3138
82903,0.3138
82953,0.3132
83003,0.3128
83053,0.3136
83103,0.3135
83153,0.313
83203,0.313
83250,0.1041
83300,0.2784
83350,0.2903
83400,0.2909
83450,0.2859
83500,0.2934
83550,0.2887
83600,0.2859
83650,0.2851
83700,0.2898
83750,0.293
83800,0.2919
83850,0.2931
83900,0.2925
83950,0.294
84000,0.2982
84050,0.3009
84100,0.3003
84150,0.3023
84200,0.3035
84250,0.3043
84300,0.3033
84350,0.305
84400,0.3042
84450,0.3072
84500,0.3084
84550,0.3089
84600,0.3087
84650,0.3075
84700,0.307
84750,0.3074
84800,0.3083
84850,0.3107
84900,0.3098
84950,0.31
85000,0.311
85050,0.3123
85100,0.3124
85150,0.3153
85200,0.3152
85250,0.3142
85300,0.314
85350,0.315
85400,0.3146
85450,0.3145
85500,0.3146
85550,0.315
85600,0.3149
85650,0.3142
85700,0.3141
85750,0.3146
85800,0.3132
85850,0.3135
85900,0.3128
85950,0.3137
86000,0.3134
86050,0.3136
86100,0.3133
86150,0.3126
86200,0.3124
86250,0.3117
86300,0.3114
86350,0.3117
86400,0.3114
86450,0.311
86500,0.3116
86550,0.3118
86600,0.3114
86650,0.311
86700,0.3104
86750,0.3097
86800,0.3095
86850,0.3094
86900,0.3097
86950,0.3098
87000,0.3098
87050,0.3101
87100,0.3098
87150,0.31
87200,0.3098
87250,0.3097
87300,0.3089
87350,0.3089
87400,0.3091
87450,0.3094
87500,0.3089
87550,0.3099
87600,0.3108
87650,0.3108
87700,0.3105
87750,0.3107
87800,0.3098
87850,0.3095
87900,0.3097
87950,0.3094
88000,0.3101
88050,0.31
88100,0.3095
88147,0.3283
88197,0.3413
88247,0.3059
88297,0.3003
88347,0.3013
88397,0.3064
88447,0.315
88497,0.3267
88547,0.3276
88597,0.327
88647,0.3272
88697,0.33
88747,0.3274
88797,0.3282
88847,0.3291
88897,0.3263
88947,0.3258
88997,0.3241
89047,0.3272
89097,0.3249
89147,0.3234
89197,0.3224
89247,0.3215
89297,0.3201
89347,0.3187
89397,0.3179
89447,0.317
89497,0.3152
89547,0.3139
89597,0.3139
89647,0.3164
89697,0.3171
89747,0.3175
89797,0.318
89847,0.3192
89897,0.3169
89947,0.3155
89997,0.3163
90047,0.3154
90097,0.3143
90147,0.3136
90197,0.3133
90247,0.3142
90297,0.3148
90347,0.3145
90397,0.3139
90447,0.3134
90497,0.3125
90547,0.3127
90597,0.3128
90647,0.3135
90697,0.3122
90747,0.3113
90797,0.3103
90847,0.3106
90897,0.309
90947,0.3085
90997,0.3082
91047,0.3085
91097,0.3084
91147,0.3081
91197,0.3081
91247,0.307
91297,0.3066
91347,0.3057
91397,0.3053
91447,0.3052
91497,0.3057
91547,0.3059
91597,0.3054
91647,0.3053
91697,0.3047
91747,0.3048
91797,0.3042
91847,0.3062
91897,0.3071
91947,0.3073
91997,0.3076
92047,0.3085
92097,0.3089
92147,0.3094
92197,0.31
92247,0.3101
92297,0.3098
92347,0.3092
92397,0.309
92447,0.3092
92497,0.3096
92547,0.3096
92597,0.3095
92647,0.3093
92697,0.3093
92747,0.3092
92797,0.3095
92847,0.3092
92897,0.3095
92947,0.3092
92997,0.3091
93044,0.2082
93094,0.3089
93144,0.3108
93194,0.2937
93244,0.2774
93294,0.2815
93344,0.2839
93394,0.2925
93444,0.2971
93494,0.2996
93544,0.2944
93594,0.3021
93644,0.3046
93694,0.3057
93744,0.3034
93794,0.3124
93844,0.3147
93894,0.3131
93944,0.3204
93994,0.3177
94044,0.3175
94094,0.3173
94144,0.3178
94194,0.3163
94244,0.3129
94294,0.3117
94344,0.3103
94394,0.311
94444,0.3107
94494,0.3109
94544,0.3091
94594,0.308
94644,0.3084
94694,0.3091
94744,0.3093
94794,0.309
94844,0.309
94894,0.3085
94944,0.3088
94994,0.3088
95044,0.3084
95094,0.3087
95144,0.3086
95194,0.3078
95244,0.3076
95294,0.3067
95344,0.3061
95394,0.3056
95444,0.3052
95494,0.3041
95544,0.3032
95594,0.3025
95644,0.3017
95694,0.3021
95744,0.3014
95794,0.3017
95844,0.3026
95894,0.3036
95944,0.3051
95994,0.3049
96044,0.3059
96094,0.3066
96144,0.3074
96194,0.307
96244,0.3066
96294,0.3058
96344,0.3049
96394,0.3046
96444,0.3049
96494,0.3042
96544,0.304
96594,0.3037
96644,0.3035
96694,0.3033
96744,0.3042
96794,0.3044
96844,0.3045
96894,0.3045
96944,0.3045
96994,0.3043
97044,0.3051
97094,0.3053
97144,0.3063
97194,0.3058
97244,0.3053
97294,0.3051
97344,0.3061
97394,0.3063
97444,0.3072
97494,0.3079
97544,0.3084
97594,0.3086
97644,0.3082
97694,0.3085
97744,0.3094
97794,0.3094
97844,0.3093
97894,0.3089
97941,0.172
97991,0.2726
98041,0.2779
98091,0.28
98141,0.2723
98191,0.276
98241,0.2805
98291,0.2876
98341,0.294
98391,0.2957
98441,0.299
98491,0.2975
98541,0.296
98591,0.2981
98641,0.3005
98691,0.2986
98741,0.2986
98791,0.2986
98841,0.296
98891,0.2964
98941,0.2952
98991,0.2943
99041,0.2963
99091,0.2976
99141,0.2959
99191,0.2955
99241,0.2976
99291,0.299
99341,0.2988
99391,0.2996
99441,0.3013
99491,0.3019
99541,0.3015
99591,0.3023
99641,0.3013
99691,0.302
99741,0.301
99791,0.302
99841,0.3036
99891,0.303
99941,0.3035
99991,0.3039
100041,0.3039
100091,0.3038
100141,0.3036
100191,0.3031
100241,0.3031
100291,0.3023
100341,0.3023
100391,0.3009
100441,0.3015
100491,0.3014
100541,0.3013
100591,0.3012
100641,0.3011
100691,0.3017
100741,0.3019
100791,0.3018
100841,0.3024
100891,0.3026
100941,0.3026
100991,0.3021
101041,0.3027
101091,0.3026
101141,0.3021
101191,0.3014
101241,0.3007
101291,0.3012
101341,0.3018
101391,0.301
101441,0.3025
101491,0.3032
101541,0.3036
101591,0.3041
101641,0.3048
101691,0.3047
101741,0.3042
101791,0.3055
101841,0.3056
101891,0.3048
101941,0.3044
101991,0.3041
102041,0.3043
102091,0.304
102141,0.3042
102191,0.3038
102241,0.3038
102291,0.3032
102341,0.3031
102391,0.3036
102441,0.3033
102491,0.3026
102541,0.3028
102591,0.3026
102641,0.3024
102691,0.3031
102741,0.3034
102791,0.3034
102838,0.2436
102888,0.2522
102938,0.3278
102988,0.3228
103038,0.3066
103088,0.3113
103138,0.3108
103188,0.3019
103238,0.3009
103288,0.302
103338,0.3015
103388,0.299
103438,0.2941
103488,0.2935
103538,0.2991
103588,0.2975
103638,0.2975
103688,0.298
103738,0.2997
103788,0.2992
103838,0.2999
103888,0.2968
103938,0.2964
103988,0.2951
104038,0.2965
104088,0.294
104138,0.2929
104188,0.2915
104238,0.291
104288,0.2922
104338,0.2933
104388,0.2937
104438,0.2916
104488,0.2917
104538,0.2901
104588,0.2913
104638,0.291
104688,0.291
104738,0.2908
104788,0.2924
104838,0.2926
104888,0.2916
104938,0.2931
104988,0.2929
105038,0.2918
105088,0.2936
105138,0.2943
105188,0.2952
105238,0.2952
105288,0.2948
105338,0.2939
105388,0.2935
105438,0.2936
105488,0.2941
105538,0.2938
105588,0.2933
105638,0.2929
105688,0.2942
105738,0.2934
105788,0.2935
105838,0.2925
105888,0.2936
105938,0.2941
105988,0.2941
106038,0.2944
106088,0.2938
106138,0.2938
106188,0.2939
106238,0.2943
106288,0.2949
106338,0.2974
106388,0.2977
106438,0.298
106488,0.297
106538,0.2969
106588,0.2967
106638,0.2965
106688,0.2971
106738,0.2976
106788,0.298
106838,0.2982
106888,0.2983
106938,0.298
106988,0.2979
107038,0.298
107088,0.2977
107138,0.2982
107188,0.298
107238,0.298
107288,0.2976
107338,0.2978
107388,0.2968
107438,0.2966
107488,0.2966
107538,0.2968
107588,0.2972
107638,0.2978
107688,0.2976
107735,0.1416
107785,0.2703
107835,0.2702
107885,0.3092
107935,0.3158
107985,0.3251
108035,0.308
108085,0.3064
108135,0.3001
108185,0.2917
108235,0.2926
108285,0.2939
108335,0.2975
108385,0.295
108435,0.2952
108485,0.2949
108535,0.2999
108585,0.3027
108635,0.3004
108685,0.3031
108735,0.3011
108785,0.3004
108835,0.2993
108885,0.3005
108935,0.3031
108985,0.3016
109035,0.3009
109085,0.3004
109135,0.2989
109185,0.2966
109235,0.2967
109285,0.2971
109335,0.2961
109385,0.2964
109435,0.2981
109485,0.2988
109535,0.2977
109585,0.2992
109635,0.2979
109685,0.297
109735,0.2985
109785,0.2993
109835,0.3012
109885,0.301
109935,0.3001
109985,0.2992
110035,0.3004
110085,0.3012
110135,0.3015
110185,0.301
110235,0.3007
110285,0.3002
110335,0.2991
110385,0.3007
110435,0.3019
110485,0.3027
110535,0.3031
110585,0.3032
110635,0.3027
110685,0.3022
110735,0.3015
110785,0.3013
110835,0.3013
110885,0.3013
110935,0.301
110985,0.3011
111035,0.3008
111085,0.301
111135,0.3004
111185,0.2997
111235,0.2991
111285,0.2987
111335,0.298
111385,0.2979
111435,0.2975
111485,0.2975
111535,0.2977
111585,0.2974
111635,0.2977
111685,0.2977
111735,0.2974
111785,0.2974
111835,0.2969
111885,0.2966
111935,0.2965
111985,0.2968
112035,0.2966
112085,0.2965
112135,0.2967
112185,0.2965
112235,0.2962
112285,0.2962
112335,0.2967
112385,0.2964
112435,0.2961
112485,0.2965
112535,0.2975
112585,0.298
112632,0.3633
112682,0.2898
112732,0.2856
112782,0.3008
112832,0.2918
112882,0.2877
112932,0.2969
112982,0.3082
113032,0.3122
113082,0.3158
113132,0.3115
113182,0.3065
113232,0.3071
113282,0.3035
113332,0.3011
113382,0.3008
113432,0.3036
113482,0.3044
113532,0.3071
113582,0.3062
113632,0.3064
113682,0.3105
113732,0.3125
113782,0.3133
113832,0.3129
113882,0.313
113932,0.3141
113982,0.3128
114032,0.3136
114082,0.3125
114132,0.3127
114182,0.3132
114232,0.3132
114282,0.3119
114332,0.3114
114382,0.3107
114432,0.31
114482,0.31
114532,0.3095
114582,0.3088
114632,0.3115
114682,0.3114
114732,0.311
114782,0.3103
114832,0.3097
114882,0.3108
114932,0.3106
114982,0.3095
115032,0.3081
115082,0.3074
115132,0.3084
115182,0.3081
115232,0.3076
115282,0.3073
115332,0.3086
115382,0.3097
115432,0.3087
115482,0.3082
115532,0.3074
115582,0.3074
115632,0.3075
115682,0.3064
115732,0.3058
115782,0.3055
115832,0.3058
115882,0.305
115932,0.3043
115982,0.3048
116032,0.3046
116082,0.3036
116132,0.3031
116182,0.3036
116232,0.3028
116282,0.3029
116332,0.3027
116382,0.3022
116432,0.3018
116482,0.3016
116532,0.3013
116582,0.3024
116632,0.3025
116682,0.3023
116732,0.3015
116782,0.3004
116832,0.2999
116882,0.2999
116932,0.2995
116982,0.2995
117032,0.2988
117082,0.2981
117132,0.2975
117182,0.2977
117232,0.2973
117282,0.297
117332,0.2965
117382,0.2962
117432,0.2961
117482,0.2959
117529,0.2953
117579,0.3228
117629,0.3006
117679,0.2884
117729,0.2819
117779,0.3003
117829,0.3006
117879,0.3023
117929,0.296
117979,0.2968
118029,0.299
118079,0.2983
118129,0.304
118179,0.2996
118229,0.2949
118279,0.2947
118329,0.2924
118379,0.29
118429,0.2893
118479,0.2869
118529,0.288
118579,0.2859
118629,0.2868
118679,0.2857
118729,0.2898
118779,0.2892
118829,0.2879
118879,0.2877
118929,0.2875
118979,0.2904
119029,0.2917
119079,0.2907
119129,0.2904
119179,0.2901
119229,0.2899
119279,0.2896
119329,0.2904
119379,0.2901
119429,0.2897
119479,0.2915
119529,0.2906
119579,0.29
119629,0.2907
119679,0.2926
119729,0.2922
119779,0.2926
119829,0.2927
119879,0.2916
119929,0.2908
119979,0.2918
120029,0.2913
120079,0.2901
120129,0.2911
120179,0.2908
120229,0.2909
120279,0.2912
120329,0.2912
120379,0.2906
120429,0.2901
120479,0.2903
120529,0.2898
120579,0.2895
120629,0.2892
120679,0.2894
120729,0.2897
120779,0.2896
120829,0.2897
120879,0.2906
120929,0.292
120979,0.2924
121029,0.2926
121079,0.2921
121129,0.2917
121179,0.2913
121229,0.2905
121279,0.2907
121329,0.2909
121379,0.2905
121429,0.2913
121479,0.2913
121529,0.2913
121579,0.2916
121629,0.2916
121679,0.2913
121729,0.2913
121779,0.2916
121829,0.291
121879,0.2919
121929,0.292
121979,0.2923
122029,0.293
122079,0.2929
122129,0.2928
122179,0.2939
122229,0.294
122279,0.2937
122329,0.294
122379,0.2946
122426,0.139
122476,0.283
122526,0.284
122576,0.2892
122626,0.2906
122676,0.278
122726,0.2861
122776,0.2824
122826,0.2845
122876,0.2821
122926,0.2878
122976,0.286
123026,0.2858
123076,0.2871
123126,0.2874
123176,0.291
123226,0.2906
123276,0.2916
123326,0.2918
123376,0.2921
123426,0.2912
123476,0.2918
123526,0.2947
123576,0.2965
123626,0.3004
123676,0.3021
123726,0.2994
123776,0.2984
123826,0.2987
123876,0.2984
123926,0.2983
123976,0.2971
124026,0.2947
124076,0.2948
124126,0.295
124176,0.2959
124226,0.2966
124276,0.2973
124326,0.2959
124376,0.2968
124426,0.2977
124476,0.2979
124526,0.2963
124576,0.2965
124626,0.2962
124676,0.298
124726,0.2977
124776,0.2969
124826,0.2967
124876,0.2953
124926,0.2947
124976,0.2946
125026,0.2944
125076,0.2947
125126,0.2956
125176,0.2967
125226,0.296
125276,0.2947
125326,0.2948
125376,0.2938
125426,0.2939
125476,0.2935
125526,0.2936
125576,0.2938
125626,0.2934
125676,0.2934
125726,0.2931
125776,0.293
125826,0.2921
125876,0.2917
125926,0.2915
125976,0.291
126026,0.291
126076,0.2919
126126,0.292
126176,0.2915
126226,0.2923
126276,0.2928
126326,0.2928
126376,0.2927
126426,0.2923
126476,0.2925
126526,0.2922
126576,0.2922
126626,0.2929
126676,0.2929
126726,0.2931
126776,0.2927
126826,0.2931
126876,0.2934
126926,0.2939
126976,0.294
127026,0.2938
127076,0.2934
127126,0.293
127176,0.293
127226,0.293
127276,0.293
127323,0.4594
127373,0.2944
127423,0.3009
127473,0.3009
127523,0.2929
127573,0.2891
127623,0.2955
127673,0.2934
127723,0.292
127773,0.2886
127823,0.282
127873,0.2787
127923,0.2775
127973,0.2784
128023,0.2813
128073,0.2816
128123,0.2805
128173,0.2841
128223,0.2817
128273,0.282
128323,0.2842
128373,0.2826
128423,0.2817
128473,0.2832
128523,0.2833
128573,0.2832
128623,0.285
128673,0.2844
128723,0.2843
128773,0.2839
128823,0.2863
128873,0.2863
128923,0.2868
128973,0.2883
129023,0.2877
129073,0.2895
129123,0.2914
129173,0.2899
129223,0.2896
129273,0.2895
129323,0.2897
129373,0.2889
129423,0.2904
129473,0.2905
129523,0.2893
129573,0.2895
129623,0.2891
129673,0.2886
129723,0.2885
129773,0.2892
129823,0.2886
129873,0.2889
129923,0.2903
129973,0.2908
130023,0.2918
130073,0.2925
130123,0.2917
130173,0.2915
130223,0.2907
130273,0.2905
130323,0.2904
130373,0.2905
130423,0.29
130473,0.2901
130523,0.2901
130573,0.2903
130623,0.2902
130673,0.2895
130723,0.2896
130773,0.2903
130823,0.2907
130873,0.2914
130923,0.2919
130973,0.2918
131023,0.2923
131073,0.2929
131123,0.2925
131173,0.2922
131223,0.2927
131273,0.2922
131323,0.2917
131373,0.2909
131423,0.2907
131473,0.2916
131523,0.2909
131573,0.2917
131623,0.291
131673,0.2905
131723,0.29
131773,0.2899
131823,0.2895
131873,0.2892
131923,0.2898
131973,0.29
132023,0.2906
132073,0.291
132123,0.2909
132173,0.2917
132220,0.1459
132270,0.2839
132320,0.2768
132370,0.2758
132420,0.2755
132470,0.2716
132520,0.276
132570,0.2707
132620,0.2752
132670,0.2751
132720,0.2798
132770,0.2846
132820,0.2908
132870,0.288
132920,0.286
132970,0.2855
133020,0.2823
133070,0.2809
133120,0.285
133170,0.2893
133220,0.286
133270,0.2864
133320,0.285
133370,0.2821
133420,0.2835
133470,0.2838
133520,0.2831
133570,0.2818
133620,0.2822
133670,0.2828
133720,0.2837
133770,0.2849
133820,0.2847
133870,0.2833
133920,0.2832
133970,0.2831
134020,0.2835
134070,0.2836
134120,0.2826
134170,0.2818
134220,0.2822
134270,0.283
134320,0.2845
134370,0.2845
134420,0.2857
134470,0.286
134520,0.2862
134570,0.2862
134620,0.2869
134670,0.2875
134720,0.2876
134770,0.2875
134820,0.287
134870,0.2859
134920,0.2855
134970,0.2847
135020,0.285
135070,0.2844
135120,0.2838
135170,0.2832
135220,0.2825
135270,0.2824
135320,0.2821
135370,0.2812
135420,0.2814
135470,0.2832
135520,0.2844
135570,0.2837
135620,0.2838
135670,0.2837
135720,0.284
135770,0.2831
135820,0.2837
135870,0.2849
135920,0.2857
135970,0.2858
136020,0.2873
136070,0.2872
136120,0.2876
136170,0.2875
136220,0.2876
136270,0.2873
136320,0.2877
136370,0.2874
136420,0.2871
136470,0.2876
136520,0.2881
136570,0.2873
136620,0.2881
136670,0.2884
136720,0.2895
136770,0.2897
136820,0.2898
136870,0.2896
136920,0.2907
136970,0.2908
137020,0.2912
137070,0.2911
137117,0.2215
137167,0.3163
137217,0.2891
137267,0.2805
137317,0.2748
137367,0.2717
137417,0.2881
137467,0.2839
137517,0.2744
137567,0.2832
137617,0.2801
137667,0.2795
137717,0.279
137767,0.2824
137817,0.2783
137867,0.2754
137917,0.2731
137967,0.2773
138017,0.2764
138067,0.2757
138117,0.2732
138167,0.2743
138217,0.2731
138267,0.2751
138317,0.2764
138367,0.277
138417,0.2781
138467,0.2815
138517,0.2836
138567,0.2829
138617,0.2846
138667,0.2846
138717,0.2871
138767,0.2882
138817,0.2899
138867,0.29
138917,0.2891
138967,0.2899
139017,0.2906
139067,0.2891
139117,0.2883
139167,0.2881
139217,0.2887
139267,0.2889
139317,0.2891
139367,0.2884
139417,0.2882
139467,0.2878
139517,0.2889
139567,0.2878
139617,0.2877
139667,0.2876
139717,0.2871
139767,0.2881
139817,0.2875
139867,0.2875
139917,0.2871
139967,0.2867
140017,0.2883
140067,0.2884
140117,0.2888
140167,0.2895
140217,0.289
140267,0.2888
140317,0.2881
140367,0.2882
140417,0.2881
140467,0.2885
140517,0.2879
140567,0.2887
140617,0.2889
140667,0.288
140717,0.2882
140767,0.2878
140817,0.2877
140867,0.2872
140917,0.2862
140967,0.2859
141017,0.2863
141067,0.2864
141117,0.2856
141167,0.2863
141217,0.2869
141267,0.287
141317,0.2868
141367,0.2868
141417,0.2866
141467,0.2868
141517,0.2873
141567,0.2874
141617,0.2873
141667,0.2873
141717,0.2868
141767,0.2869
141817,0.2874
141867,0.287
141917,0.2869
141967,0.2871
142014,0.1439
142064,0.2195
142114,0.2407
142164,0.2472
142214,0.259
142264,0.2677
142314,0.2793
142364,0.2723
142414,0.2737
142464,0.2838
142514,0.2769
142564,0.2744
142614,0.2747
142664,0.2807
142714,0.2792
142764,0.2811
142814,0.2818
142864,0.2826
142914,0.28
142964,0.2789
143014,0.2814
143064,0.2824
143114,0.2812
143164,0.2812
143214,0.2814
143264,0.2815
143314,0.281
143364,0.2816
143414,0.2811
143464,0.2815
143514,0.2816
143564,0.2823
143614,0.2841
143664,0.283
143714,0.2832
143764,0.2825
143814,0.2821
143864,0.2808
143914,0.2806
143964,0.2798
144014,0.2792
144064,0.2799
144114,0.2801
144164,0.2797
144214,0.2807
144264,0.2794
144314,0.2786
144364,0.2804
144414,0.2805
144464,0.281
144514,0.2806
144564,0.2811
144614,0.2805
144664,0.2799
144714,0.2791
144764,0.2779
144814,0.2784
144864,0.2779
144914,0.2783
144964,0.2777
145014,0.278
145064,0.2781
145114,0.2773
145164,0.2771
145214,0.2785
145264,0.2788
145314,0.2781
145364,0.2782
145414,0.2791
145464,0.2791
145514,0.2788
145564,0.2787
145614,0.2792
145664,0.2791
145714,0.2786
145764,0.2786
145814,0.2786
145864,0.2785
145914,0.2785
145964,0.2785
146014,0.2786
146064,0.2792
146114,0.2792
146164,0.2797
146214,0.2799
146264,0.2803
146314,0.2806
146364,0.2805
146414,0.2808
146464,0.2803
146514,0.2813
146564,0.2819
146614,0.2825
146664,0.283
146714,0.2826
146764,0.2826
146814,0.2825
146864,0.2827
146911,0.4813
146961,0.2652
147011,0.2872
147061,0.2775
147111,0.2732
147161,0.2704
147211,0.2705
147261,0.2622
147311,0.2636
147361,0.267
147411,0.2682
147461,0.273
147511,0.2698
147561,0.2736
147611,0.2725
147661,0.273
147711,0.2736
147761,0.2725
147811,0.2712
147861,0.2701
147911,0.2691
147961,0.2688
148011,0.2668
148061,0.2656
148111,0.2634
148161,0.2662
148211,0.2686
148261,0.2695
148311,0.2714
148361,0.2729
148411,0.2713
148461,0.2722
148511,0.2727
148561,0.274
148611,0.2755
148661,0.2766
148711,0.2774
148761,0.278
148811,0.2779
148861,0.2773
148911,0.2764
148961,0.2781
149011,0.2782
149061,0.2798
149111,0.2799
149161,0.2805
149211,0.2807
149261,0.2805
149311,0.2799
149361,0.2801
149411,0.2804
149461,0.28
149511,0.2803
149561,0.2803
149611,0.2812
149661,0.2803
149711,0.2806
149761,0.2806
149811,0.2813
149861,0.2816
149911,0.2841
149961,0.2839
150011,0.2831
150061,0.2824
150111,0.2836
150161,0.2837
150211,0.2828
150261,0.283
150311,0.2837
150361,0.2839
150411,0.2838
150461,0.2832
150511,0.2833
150561,0.2829
150611,0.2828
150661,0.2829
150711,0.2841
150761,0.2839
150811,0.2847
150861,0.2847
150911,0.284
150961,0.2842
151011,0.284
151061,0.2836
151111,0.2836
151161,0.2843
151211,0.284
151261,0.2841
151311,0.2837
151361,0.2841
151411,0.2839
151461,0.2838
151511,0.2842
151561,0.2837
151611,0.2836
151661,0.2845
151711,0.285
151761,0.2849
151808,0.2799
151858,0.2622
151908,0.2702
151958,0.2722
152008,0.2687
152058,0.2687
152108,0.2685
152158,0.2655
152208,0.2642
152258,0.2642
152308,0.2644
152358,0.2636
152408,0.261
152458,0.2641
152508,0.2656
152558,0.2686
152608,0.2724
152658,0.2725
152708,0.2712
152758,0.2716
152808,0.2733
152858,0.271
152908,0.2719
152958,0.2708
153008,0.271
153058,0.2694
153108,0.2696
153158,0.2718
153208,0.2728
153258,0.2763
153308,0.2759
153358,0.2748
153408,0.2757
153458,0.2758
153508,0.2765
153558,0.2768
153608,0.2761
153658,0.2747
153708,0.2748
153758,0.2735
153808,0.2734
153858,0.2751
153908,0.2754
153958,0.2755
154008,0.2751
154058,0.275
154108,0.2758
154158,0.2777
154208,0.2786
154258,0.2795
154308,0.2799
154358,0.2801
154408,0.28
154458,0.2798
154508,0.2792
154558,0.2786
154608,0.2788
154658,0.2781
154708,0.2774
154758,0.2766
154808,0.2775
154858,0.2795
154908,0.2791
154958,0.2806
155008,0.2802
155058,0.2811
155108,0.281
155158,0.2811
155208,0.2812
155258,0.2813
155308,0.2812
155358,0.281
155408,0.2812
155458,0.281
155508,0.2804
155558,0.2806
155608,0.2803
155658,0.2809
155708,0.2811
155758,0.2808
155808,0.2816
155858,0.2815
155908,0.2818
155958,0.2812
156008,0.2804
156058,0.2804
156108,0.2798
156158,0.2797
156208,0.2798
156258,0.2792
156308,0.2787
156358,0.2784
156408,0.2784
156458,0.2793
156508,0.2792
156558,0.2794
156608,0.2796
156658,0.2798
156705,0.248
156755,0.2787
156805,0.2676
156855,0.2643
156905,0.2588
156955,0.2565
157005,0.2605
157055,0.2555
157105,0.261
157155,0.263
157205,0.2601
157255,0.2619
157305,0.2595
157355,0.2688
157405,0.2704
157455,0.2715
157505,0.2711
157555,0.2728
157605,0.2707
157655,0.2695
157705,0.2711
157755,0.2708
157805,0.2703
157855,0.2706
157905,0.2722
157955,0.2744
158005,0.2736
158055,0.2763
158105,0.2742
158155,0.2737
158205,0.2732
158255,0.273
158305,0.2733
158355,0.2723
158405,0.2734
158455,0.2736
158505,0.2737
158555,0.2721
158605,0.2719
158655,0.2726
158705,0.2715
158755,0.272
158805,0.2722
158855,0.2715
158905,0.2719
158955,0.2727
159005,0.2737
159055,0.2758
159105,0.2753
159155,0.2755
159205,0.2748
159255,0.2762
159305,0.2762
159355,0.2754
159405,0.2751
159455,0.2756
159505,0.2776
159555,0.2782
159605,0.2778
159655,0.2792
159705,0.279
159755,0.2781
159805,0.2784
159855,0.2777
159905,0.2773
159955,0.2768
160005,0.2765
160055,0.2765
160105,0.2778
160155,0.2776
160205,0.2787
160255,0.2786
160305,0.2787
160355,0.2792
160405,0.2795
160455,0.2788
160505,0.2783
160555,0.2779
160605,0.2781
160655,0.2784
160705,0.2782
160755,0.2785
160805,0.2781
160855,0.2778
160905,0.2781
160955,0.2781
161005,0.2781
161055,0.2784
161105,0.2784
161155,0.2782
161205,0.2785
161255,0.2788
161305,0.2792
161355,0.2796
161405,0.2795
161455,0.2794
161505,0.2792
161555,0.2788
161602,0.165
161652,0.3337
161702,0.2769
161752,0.2961
161802,0.2903
161852,0.2953
161902,0.3042
161952,0.3019
162002,0.2994
162052,0.2953
162102,0.2914
162152,0.2861
162202,0.2819
162252,0.2819
162302,0.2779
162352,0.2749
162402,0.273
162452,0.2733
162502,0.2716
162552,0.2711
162602,0.2701
162652,0.2696
162702,0.27
162752,0.2702
162802,0.271
162852,0.2722
162902,0.2701
162952,0.2704
163002,0.2693
163052,0.2723
163102,0.2734
163152,0.2738
163202,0.274
163252,0.273
163302,0.2717
163352,0.2708
163402,0.27
163452,0.2688
163502,0.2692
163552,0.27
163602,0.2702
163652,0.2702
163702,0.2707
163752,0.2719
163802,0.2727
163852,0.2726
163902,0.2719
163952,0.2714
164002,0.2719
164052,0.2719
164102,0.2737
164152,0.2733
164202,0.2734
164252,0.2728
164302,0.273
164352,0.2728
164402,0.2734
164452,0.2745
164502,0.275
164552,0.275
164602,0.2746
164652,0.2742
164702,0.2755
164752,0.2758
164802,0.2763
164852,0.2754
164902,0.275
164952,0.2758
165002,0.2758
165052,0.2761
165102,0.2759
165152,0.2753
165202,0.2752
165252,0.2754
165302,0.2759
165352,0.2757
165402,0.2763
165452,0.2762
165502,0.2763
165552,0.2757
165602,0.2758
165652,0.2768
165702,0.2768
165752,0.2767
165802,0.2769
165852,0.276
165902,0.2759
165952,0.2763
166002,0.2764
166052,0.2771
166102,0.2774
166152,0.2769
166202,0.2772
166252,0.2778
166302,0.2775
166352,0.2777
166402,0.278
166452,0.2776
166499,0.4313
166549,0.3445
166599,0.2983
166649,0.2825
166699,0.2868
166749,0.2836
166799,0.2888
166849,0.2825
166899,0.2794
166949,0.2785
166999,0.2775
167049,0.2779
167099,0.2786
167149,0.278
167199,0.2797
167249,0.2802
167299,0.2792
167349,0.2788
167399,0.2781
167449,0.2756
167499,0.2708
167549,0.2725
167599,0.2747
167649,0.2742
167699,0.2745
167749,0.2752
167799,0.2751
167849,0.2754
167899,0.2748
167949,0.2786
167999,0.2821
168049,0.2808
168099,0.2802
168149,0.2797
168199,0.2803
168249,0.2784
168299,0.2786
168349,0.2786
168399,0.2788
168449,0.2787
168499,0.2805
168549,0.2801
168599,0.2807
168649,0.2811
168699,0.2806
168749,0.2815
168799,0.2839
168849,0.283
168899,0.282
168949,0.2827
168999,0.2824
169049,0.2825
169099,0.2825
169149,0.2827
169199,0.2824
169249,0.282
169299,0.2815
169349,0.2812
169399,0.2807
169449,0.2817
169499,0.2816
169549,0.2814
169599,0.2812
169649,0.2812
169699,0.2806
169749,0.2802
169799,0.2805
169849,0.2799
169899,0.2804
169949,0.2806
169999,0.2797
170049,0.28
170099,0.2796
170149,0.2793
170199,0.2793
170249,0.2795
170299,0.2788
170349,0.2785
170399,0.279
170449,0.2785
170499,0.28
170549,0.2795
170599,0.2792
170649,0.2792
170699,0.2789
170749,0.2789
170799,0.2785
170849,0.2779
170899,0.2778
170949,0.2773
170999,0.2774
171049,0.2781
171099,0.2782
171149,0.2783
171199,0.2787
171249,0.2783
171299,0.2783
171349,0.2791
171396,0.2439
171446,0.2476
171496,0.255
171546,0.2569
171596,0.2434
171646,0.252
171696,0.2486
171746,0.248
171796,0.2522
171846,0.2535
171896,0.2524
171946,0.2561
171996,0.2603
172046,0.2612
172096,0.2703
172146,0.2739
172196,0.273
172246,0.2736
172296,0.2711
172346,0.2702
172396,0.2705
172446,0.2731
172496,0.2769
172546,0.2782
172596,0.2784
172646,0.2764
172696,0.2753
172746,0.2755
172796,0.2751
172846,0.2745
172896,0.2736
172946,0.2727
172996,0.2727
173046,0.273
173096,0.2717
173146,0.2709
173196,0.2706
173246,0.2714
173296,0.2715
173346,0.2732
173396,0.2729
173446,0.274
173496,0.2752
173546,0.2756
173596,0.2752
173646,0.2745
173696,0.275
173746,0.2759
173796,0.2753
173846,0.2751
173896,0.2754
173946,0.2752
173996,0.2747
174046,0.2739
174096,0.274
174146,0.274
174196,0.2741
174246,0.2741
174296,0.2745
174346,0.2753
174396,0.275
174446,0.2748
174496,0.2742
174546,0.2745
174596,0.2754
174646,0.2752
174696,0.2745
174746,0.2746
174796,0.276
174846,0.2763
174896,0.2758
174946,0.2753
174996,0.2761
175046,0.2759
175096,0.2756
175146,0.2751
175196,0.2751
175246,0.2754
175296,0.2754
175346,0.2754
175396,0.2754
175446,0.2755
175496,0.2755
175546,0.2754
175596,0.2752
175646,0.2762
175696,0.2766
175746,0.2762
175796,0.2761
175846,0.276
175896,0.2756
175946,0.276
175996,0.276
176046,0.2766
176096,0.2767
176146,0.2767
176196,0.2763
176246,0.2762
176293,0.4236
176343,0.3251
176393,0.2906
176443,0.2819
176493,0.2857
176543,0.2761
176593,0.2774
176643,0.2766
176693,0.277
176743,0.2702
176793,0.2662
176843,0.2635
176893,0.2614
176943,0.261
176993,0.2599
177043,0.2622
177093,0.2653
177143,0.2682
177193,0.2673
177243,0.2682
177293,0.2683
177343,0.2686
177393,0.2697
177443,0.2735
177493,0.2758
177543,0.2732
177593,0.2748
177643,0.2735
177693,0.274
177743,0.2728
177793,0.2729
177843,0.2721
177893,0.271
177943,0.272
177993,0.272
178043,0.2728
178093,0.271
178143,0.2708
178193,0.2696
178243,0.2705
178293,0.2699
178343,0.2707
178393,0.2698
178443,0.2701
178493,0.2697
178543,0.2699
178593,0.27
178643,0.2697
178693,0.2695
178743,0.2695
178793,0.2687
178843,0.2689
178893,0.2674
178943,0.268
178993,0.2677
179043,0.2675
179093,0.2671
179143,0.2664
179193,0.2666
179243,0.2668
179293,0.267
179343,0.2671
179393,0.2681
179443,0.2679
179493,0.2674
179543,0.2668
179593,0.2659
179643,0.2658
179693,0.2667
179743,0.2675
179793,0.2679
179843,0.268
179893,0.2685
179943,0.2679
179993,0.2689
180043,0.2688
180093,0.2686
180143,0.2692
180193,0.27
180243,0.2703
180293,0.2708
180343,0.2704
180393,0.271
180443,0.2713
180493,0.271
180543,0.2709
180593,0.2706
180643,0.2704
180693,0.2706
180743,0.2709
180793,0.2706
180843,0.2704
180893,0.2723
180943,0.2723
180993,0.2722
181043,0.2721
181093,0.272
181143,0.2726
181190,0.1324
181240,0.3482
181290,0.3343
181340,0.3304
181390,0.3237
181440,0.3245
181490,0.3042
181540,0.3009
181590,0.2917
181640,0.2918
181690,0.2863
181740,0.2825
181790,0.2793
181840,0.2776
181890,0.2786
181940,0.2788
181990,0.2806
182040,0.2831
182090,0.2814
182140,0.2804
182190,0.2812
182240,0.2802
182290,0.2797
182340,0.2794
182390,0.2771
182440,0.2774
182490,0.2779
182540,0.278
182590,0.2755
182640,0.2768
182690,0.2769
182740,0.2777
182790,0.2782
182840,0.2785
182890,0.2781
182940,0.2784
182990,0.2809
183040,0.2809
183090,0.28
183140,0.2791
183190,0.2801
183240,0.2799
183290,0.2795
183340,0.2782
183390,0.2783
183440,0.2789
183490,0.2793
183540,0.2791
183590,0.278
183640,0.2811
183690,0.2805
183740,0.2802
183790,0.2795
183840,0.2793
183890,0.2788
183940,0.278
183990,0.2777
184040,0.2776
184090,0.2766
184140,0.2767
184190,0.2764
184240,0.2758
184290,0.2747
184340,0.2743
184390,0.2734
184440,0.2733
184490,0.2742
184540,0.2739
184590,0.2742
184640,0.2744
184690,0.2755
184740,0.2752
184790,0.275
184840,0.2751
184890,0.2746
184940,0.274
184990,0.274
185040,0.2739
185090,0.2739
185140,0.2736
185190,0.273
185240,0.2733
185290,0.2737
185340,0.2747
185390,0.2743
185440,0.2744
185490,0.2742
185540,0.2739
185590,0.2737
185640,0.2728
185690,0.2729
185740,0.2724
185790,0.2727
185840,0.2726
185890,0.273
185940,0.273
185990,0.2731
186040,0.2729
186087,0.1659
186137,0.2836
186187,0.2705
186237,0.275
186287,0.2658
186337,0.2612
186387,0.264
186437,0.2688
186487,0.2707
186537,0.2869
186587,0.2869
186637,0.2915
186687,0.2874
186737,0.2858
186787,0.2843
186837,0.2819
186887,0.2797
186937,0.2775
186987,0.2784
187037,0.2805
187087,0.2799
187137,0.2799
187187,0.2798
187237,0.2775
187287,0.279
187337,0.2768
187387,0.2767
187437,0.2762
187487,0.2737
187537,0.2734
187587,0.2719
187637,0.2699
187687,0.2694
187737,0.2683
187787,0.2675
187837,0.2664
187887,0.267
187937,0.2688
187987,0.2691
188037,0.2704
188087,0.2699
188137,0.269
188187,0.2685
188237,0.2691
188287,0.2703
188337,0.27
188387,0.2707
188437,0.2711
188487,0.2709
188537,0.2724
188587,0.2721
188637,0.2722
188687,0.2727
188737,0.2743
188787,0.2742
188837,0.2747
188887,0.2751
188937,0.2747
188987,0.2766
189037,0.2761
189087,0.277
189137,0.2759
189187,0.2758
189237,0.2755
189287,0.2756
189337,0.2756
189387,0.275
189437,0.275
189487,0.2745
189537,0.2737
189587,0.2738
189637,0.2743
189687,0.2744
189737,0.2752
189787,0.2747
189837,0.2744
189887,0.2751
189937,0.2756
189987,0.2758
190037,0.2754
190087,0.2755
190137,0.2756
190187,0.2756
190237,0.2752
190287,0.2752
190337,0.2755
190387,0.2762
190437,0.2762
190487,0.2755
190537,0.2751
190587,0.2748
190637,0.2745
190687,0.2744
190737,0.2746
190787,0.2741
190837,0.2741
190887,0.2737
190937,0.273
190984,0.3123
191034,0.2025
191084,0.2432
191134,0.2638
191184,0.2632
191234,0.2605
191284,0.2532
191334,0.2651
191384,0.2647
191434,0.2746
191484,0.2739
191534,0.2741
191584,0.2751
191634,0.2759
191684,0.2775
191734,0.2787
191784,0.2766
191834,0.2731
191884,0.2742
191934,0.2751
191984,0.2744
192034,0.2754
192084,0.2738
192134,0.2711
192184,0.2709
192234,0.2701
192284,0.2693
192334,0.2704
192384,0.269
192434,0.2689
192484,0.2698
192534,0.2713
192584,0.2733
192634,0.2728
192684,0.2725
192734,0.2727
192784,0.2723
192834,0.273
192884,0.2732
192934,0.2752
192984,0.2748
193034,0.2748
193084,0.2744
193134,0.2753
193184,0.2773
193234,0.2775
193284,0.2775
193334,0.277
193384,0.2757
193434,0.2759
193484,0.276
193534,0.2758
193584,0.275
193634,0.2743
193684,0.2745
193734,0.274
193784,0.2738
193834,0.2741
193884,0.2734
193934,0.2731
193984,0.2748
194034,0.2739
194084,0.273
194134,0.272
194184,0.2723
194234,0.2727
194284,0.2719
194334,0.2721
194384,0.2715
194434,0.2715
194484,0.2716
194534,0.2713
194584,0.271
194634,0.2709
194684,0.2705
194734,0.2705
194784,0.2701
194834,0.27
194884,0.2697
194934,0.269
194984,0.2695
195034,0.2706
195084,0.2704
195134,0.2703
195184,0.2697
195234,0.2697
195284,0.2697
195334,0.2707
195384,0.2711
195434,0.271
195484,0.2707
195534,0.27
195584,0.27
195634,0.2704
195684,0.2702
195734,0.2706
195784,0.27
195834,0.2695
195881,0.1604
195931,0.2457
195981,0.2701
196031,0.2677
196081,0.2641
196131,0.2577
196181,0.2561
196231,0.2561
196281,0.2529
196331,0.2529
196381,0.2473
196431,0.2461
196481,0.2525
196531,0.2564
196581,0.2604
196631,0.2598
196681,0.2599
196731,0.2595
196781,0.2573
196831,0.2595
196881,0.2634
196931,0.2651
196981,0.2665
197031,0.2673
197081,0.2655
197131,0.2678
197181,0.2658
197231,0.2699
197281,0.2686
197331,0.2699
197381,0.2683
197431,0.268
197481,0.2689
197531,0.2675
197581,0.2683
197631,0.2691
197681,0.2678
197731,0.2695
197781,0.2701
197831,0.2691
197881,0.2699
197931,0.2695
197981,0.2705
198031,0.2695
198081,0.2713
198131,0.2702
198181,0.2695
198231,0.2684
198281,0.2681
198331,0.2684
198381,0.2675
198431,0.267
198481,0.2665
198531,0.2666
198581,0.2664
198631,0.266
198681,0.2662
198731,0.2665
198781,0.2673
198831,0.2671
198881,0.2667
198931,0.2671
198981,0.2674
199031,0.2683
199081,0.2693
199131,0.2693
199181,0.2694
199231,0.2693
199281,0.2687
199331,0.2682
199381,0.2686
199431,0.2689
199481,0.269
199531,0.2688
199581,0.2684
199631,0.2679
199681,0.2674
199731,0.2671
199781,0.2671
199831,0.2675
199881,0.2679
199931,0.2681
199981,0.2687
200031,0.2685
200081,0.2682
200131,0.2684
200181,0.2683
200231,0.2688
200281,0.2684
200331,0.2687
200381,0.2691
200431,0.2689
200481,0.2687
200531,0.2685
200581,0.2681
200631,0.2677
200681,0.2677
200731,0.2687
200778,0.6085
200828,0.2471
200878,0.2606
200928,0.2385
200978,0.2433
201028,0.251
201078,0.2483
201128,0.263
201178,0.2599
201228,0.2598
201278,0.2576
201328,0.2625
201378,0.2676
201428,0.2652
201478,0.2619
201528,0.2628
201578,0.2634
201628,0.2638
201678,0.2651
201728,0.2673
201778,0.2669
201828,0.267
201878,0.2719
201928,0.2726
201978,0.2725
202028,0.2714
202078,0.2709
202128,0.2702
202178,0.2697
202228,0.2695
202278,0.2685
202328,0.2695
202378,0.2707
202428,0.2728
202478,0.2733
202528,0.2727
202578,0.2716
202628,0.2712
202678,0.2707
202728,0.2714
202778,0.2713
202828,0.2705
202878,0.2704
202928,0.27
202978,0.2691
203028,0.268
203078,0.2674
203128,0.2663
203178,0.2659
203228,0.2649
203278,0.2651
203328,0.2644
203378,0.2642
203428,0.2633
203478,0.2643
203528,0.264
203578,0.2639
203628,0.2649
203678,0.2652
203728,0.2654
203778,0.2655
203828,0.2653
203878,0.2658
203928,0.2671
203978,0.2673
204028,0.2668
204078,0.2666
204128,0.2668
204178,0.2678
204228,0.2677
204278,0.2672
204328,0.2678
204378,0.2672
204428,0.2677
204478,0.2673
204528,0.2669
204578,0.2668
204628,0.2674
204678,0.2673
204728,0.2676
204778,0.2674
204828,0.2678
204878,0.2677
204928,0.267
204978,0.2672
205028,0.267
205078,0.2665
205128,0.2668
205178,0.2675
205228,0.2671
205278,0.267
205328,0.2667
205378,0.2669
205428,0.2668
205478,0.2663
205528,0.2667
205578,0.2668
205628,0.2664
205675,0.1855
205725,0.2194
205775,0.2804
205825,0.2876
205875,0.2909
205925,0.2794
205975,0.2728
206025,0.2703
206075,0.2698
206125,0.2638
206175,0.2637
206225,0.2626
206275,0.2597
206325,0.2614
206375,0.2591
206425,0.2641
206475,0.2641
206525,0.2623
206575,0.2628
206625,0.2637
206675,0.2631
206725,0.2644
206775,0.2643
206825,0.2636
206875,0.2644
206925,0.2684
206975,0.267
207025,0.266
207075,0.2666
207125,0.267
207175,0.2673
207225,0.2684
207275,0.27
207325,0.2712
207375,0.2705
207425,0.2691
207475,0.2688
207525,0.2675
207575,0.2675
207625,0.2671
207675,0.2667
207725,0.2663
207775,0.2672
207825,0.2674
207875,0.2663
207925,0.2659
207975,0.2655
208025,0.2645
208075,0.2649
208125,0.2648
208175,0.2649
208225,0.265
208275,0.2652
208325,0.265
208375,0.2643
208425,0.2644
208475,0.264
208525,0.2637
208575,0.2632
208625,0.2636
208675,0.264
208725,0.2644
208775,0.2644
208825,0.2644
208875,0.2648
208925,0.2653
208975,0.2649
209025,0.2645
209075,0.2639
209125,0.2645
209175,0.2649
209225,0.2641
209275,0.2643
209325,0.2635
209375,0.2626
209425,0.2625
209475,0.263
209525,0.2631
209575,0.2632
209625,0.2629
209675,0.262
209725,0.262
209775,0.262
209825,0.2626
209875,0.2627
209925,0.2627
209975,0.2652
210025,0.265
210075,0.2658
210125,0.2663
210175,0.2676
210225,0.2675
210275,0.2671
210325,0.2668
210375,0.2666
210425,0.2665
210475,0.2661
210525,0.2667
210572,0.0998
210622,0.2916
210672,0.2752
210722,0.288
210772,0.2824
210822,0.2824
210872,0.2949
210922,0.2854
210972,0.2767
211022,0.2868
211072,0.2814
211122,0.2771
211172,0.2751
211222,0.2754
211272,0.272
211322,0.2697
211372,0.2675
211422,0.2702
211472,0.2708
211522,0.2674
211572,0.2673
211622,0.2649
211672,0.2674
211722,0.2674
211772,0.2661
211822,0.2647
211872,0.2641
211922,0.2628
211972,0.2656
212022,0.266
212072,0.2674
212122,0.2665
212172,0.2671
212222,0.2666
212272,0.265
212322,0.2663
212372,0.2655
212422,0.2662
212472,0.2652
212522,0.2672
212572,0.2676
212622,0.2683
212672,0.2683
212722,0.2683
212772,0.2675
212822,0.2685
212872,0.2684
212922,0.2692
212972,0.2699
213022,0.2711
213072,0.27
213122,0.2694
213172,0.269
213222,0.2686
213272,0.2685
213322,0.2698
213372,0.2693
213422,0.2683
213472,0.2679
213522,0.2674
213572,0.2677
213622,0.2679
213672,0.2671
213722,0.2666
213772,0.2663
213822,0.2667
213872,0.267
213922,0.2663
213972,0.2656
214022,0.2653
214072,0.2651
214122,0.2648
214172,0.2654
214222,0.2649
214272,0.2645
214322,0.2642
214372,0.2657
214422,0.2652
214472,0.2645
214522,0.265
214572,0.2649
214622,0.2646
214672,0.2654
214722,0.2655
214772,0.2652
214822,0.2648
214872,0.2642
214922,0.2642
214972,0.2639
215022,0.2634
215072,0.2629
215122,0.2633
215172,0.2625
215222,0.2627
215272,0.2628
215322,0.2627
215372,0.2627
215422,0.2631
215469,0.2005
215519,0.2869
215569,0.2677
215619,0.2857
215669,0.3168
215719,0.3054
215769,0.3004
215819,0.3052
215869,0.3078
215919,0.3051
215969,0.3047
216019,0.3035
216069,0.2974
216119,0.2952
216169,0.291
216219,0.2878
216269,0.2847
216319,0.283
216369,0.2806
216419,0.2815
216469,0.2818
216519,0.2795
216569,0.2791
216619,0.2806
216669,0.2798
216719,0.2781
216769,0.2769
216819,0.2759
216869,0.2744
216919,0.2731
216969,0.2712
217019,0.2702
217069,0.2712
217119,0.2718
217169,0.2719
217219,0.2724
217269,0.2711
217319,0.2701
217369,0.27
217419,0.2723
217469,0.2725
217519,0.273
217569,0.2726
217619,0.2719
217669,0.2722
217719,0.272
217769,0.2723
217819,0.2728
217869,0.2731
217919,0.272
217969,0.2717
218019,0.2723
218069,0.2717
218119,0.2717
218169,0.2717
218219,0.271
218269,0.27
218319,0.2693
218369,0.2688
218419,0.2682
218469,0.2681
218519,0.2688
218569,0.2692
218619,0.2688
218669,0.2692
218719,0.2681
218769,0.2682
218819,0.2678
218869,0.2672
218919,0.2682
218969,0.2677
219019,0.2674
219069,0.2681
219119,0.2678
219169,0.2675
219219,0.2668
219269,0.2665
219319,0.2661
219369,0.266
219419,0.2662
219469,0.2665
219519,0.2667
219569,0.2669
219619,0.2664
219669,0.2661
219719,0.2663
219769,0.2663
219819,0.2661
219869,0.2656
219919,0.2661
219969,0.2656
220019,0.2656
220069,0.2659
220119,0.2654
220169,0.265
220219,0.2651
220269,0.2648
220319,0.2641
220366,0.3469
220416,0.2148
220466,0.2697
220516,0.2663
220566,0.2592
220616,0.2695
220666,0.2758
220716,0.2751
220766,0.2797
220816,0.28
220866,0.2856
220916,0.2822
220966,0.2857
221016,0.2807
221066,0.2781
221116,0.2742
221166,0.2725
221216,0.2724
221266,0.2741
221316,0.275
221366,0.275
221416,0.2737
221466,0.2764
221516,0.2761
221566,0.2735
221616,0.2719
221666,0.2719
221716,0.271
221766,0.2699
221816,0.2707
221866,0.2702
221916,0.2697
221966,0.2689
222016,0.2681
222066,0.2683
222116,0.2668
222166,0.2662
222216,0.2651
222266,0.2655
222316,0.2655
222366,0.2671
222416,0.2659
222466,0.2667
222516,0.2668
222566,0.2665
222616,0.2656
222666,0.265
222716,0.2645
222766,0.264
222816,0.2641
222866,0.264
222916,0.2637
222966,0.2641
223016,0.2629
223066,0.2625
223116,0.2627
223166,0.2631
223216,0.2631
223266,0.2628
223316,0.2627
223366,0.2619
223416,0.2624
223466,0.2619
223516,0.2616
223566,0.2612
223616,0.2613
223666,0.2608
223716,0.261
223766,0.2607
223816,0.2613
223866,0.2611
223916,0.2607
223966,0.2605
224016,0.2618
224066,0.2613
224116,0.2615
224166,0.2616
224216,0.2615
224266,0.2609
224316,0.2611
224366,0.2608
224416,0.2608
224466,0.2608
224516,0.2605
224566,0.2601
224616,0.2611
224666,0.2617
224716,0.2627
224766,0.2628
224816,0.263
224866,0.263
224916,0.2625
224966,0.2627
225016,0.2626
225066,0.2625
225116,0.2626
225166,0.2626
225216,0.2622
225263,0.1465
225313,0.2527
225363,0.236
225413,0.2321
225463,0.2284
225513,0.2389
225563,0.2387
225613,0.2412
225663,0.2416
225713,0.2422
225763,0.2419
225813,0.2418
225863,0.2435
225913,0.2445
225963,0.2428
226013,0.2477
226063,0.2493
226113,0.2521
226163,0.2534
226213,0.2584
226263,0.261
226313,0.2603
226363,0.2614
226413,0.2622
226463,0.2628
226513,0.2621
226563,0.2633
226613,0.2626
226663,0.2611
226713,0.2634
226763,0.2661
226813,0.2671
226863,0.2664
226913,0.2677
226963,0.2667
227013,0.2664
227063,0.2668
227113,0.2677
227163,0.2674
227213,0.2659
227263,0.2665
227313,0.2656
227363,0.2646
227413,0.2649
227463,0.2647
227513,0.2649
227563,0.2643
227613,0.2641
227663,0.2637
227713,0.2628
227763,0.2623
227813,0.2626
227863,0.2623
227913,0.2618
227963,0.2614
228013,0.2627
228063,0.262
228113,0.2627
228163,0.2621
228213,0.262
228263,0.2609
228313,0.2604
228363,0.2601
228413,0.2598
228463,0.2598
228513,0.2599
228563,0.2612
228613,0.2619
228663,0.2616
228713,0.2611
228763,0.2607
228813,0.2605
228863,0.2603
228913,0.2599
228963,0.2602
229013,0.2597
229063,0.2597
229113,0.2591
229163,0.2598
229213,0.2597
229263,0.2601
229313,0.2595
229363,0.2599
229413,0.2603
229463,0.2597
229513,0.2599
229563,0.2599
229613,0.2595
229663,0.2596
229713,0.2593
229763,0.2594
229813,0.2597
229863,0.2595
229913,0.2593
229963,0.2591
230013,0.2593
230063,0.26
230113,0.2598
230160,0.2195
230210,0.2497
230260,0.245
230310,0.2483
230360,0.2561
230410,0.2559
230460,0.2627
230510,0.2657
230560,0.2657
230610,0.2685
230660,0.2685
230710,0.2663
230760,0.2646
230810,0.2646
230860,0.2632
230910,0.2621
230960,0.2596
231010,0.257
231060,0.2573
231110,0.2556
231160,0.2555
231210,0.2567
231260,0.2608
231310,0.2613
231360,0.2658
231410,0.2669
231460,0.2675
231510,0.2673
231560,0.2653
231610,0.2644
231660,0.2632
231710,0.2625
231760,0.2614
231810,0.2605
231860,0.2625
231910,0.2629
231960,0.2635
232010,0.2651
232060,0.2661
232110,0.2656
232160,0.267
232210,0.2668
232260,0.2667
232310,0.2674
232360,0.2674
232410,0.267
232460,0.2665
232510,0.2653
232560,0.2659
232610,0.2652
232660,0.2651
232710,0.2646
232760,0.2641
232810,0.2648
232860,0.2638
232910,0.2631
232960,0.2627
233010,0.2629
233060,0.2634
233110,0.2638
233160,0.2646
233210,0.2643
233260,0.2645
233310,0.2633
233360,0.2634
233410,0.2629
233460,0.263
233510,0.2625
233560,0.2622
233610,0.2624
233660,0.2626
233710,0.2622
233760,0.2624
233810,0.2618
233860,0.2613
233910,0.2605
233960,0.2598
234010,0.2597
234060,0.2593
234110,0.2598
234160,0.2603
234210,0.2597
234260,0.2594
234310,0.2591
234360,0.2605
234410,0.2603
234460,0.2596
234510,0.2589
234560,0.2591
234610,0.2595
234660,0.2598
234710,0.2609
234760,0.2605
234810,0.2605
234860,0.2602
234910,0.2595
234960,0.2594
235010,0.2594
235057,0.4488
235107,0.2461
235157,0.2515
235207,0.2397
235257,0.2334
235307,0.2461
235357,0.2433
235407,0.2608
235457,0.2616
235507,0.2634
235557,0.2634
235607,0.2614
235657,0.263
235707,0.2647
235757,0.2687
235807,0.2738
235857,0.2736
235907,0.2753
235957,0.2759
236007,0.2754
236057,0.275
236107,0.273
236157,0.2749
236207,0.2732
236257,0.2711
236307,0.2691
236357,0.269
236407,0.2672
236457,0.2661
236507,0.2656
236557,0.2664
236607,0.2656
236657,0.264
236707,0.264
236757,0.2632
236807,0.2641
236857,0.2646
236907,0.264
236957,0.2635
237007,0.2618
237057,0.2622
237107,0.2605
237157,0.2609
237207,0.26
237257,0.2587
237307,0.2571
237357,0.2573
237407,0.2567
237457,0.257
237507,0.2565
237557,0.2571
237607,0.2567
237657,0.2563
237707,0.2562
237757,0.2566
237807,0.2571
237857,0.2576
237907,0.2572
237957,0.2577
238007,0.2569
238057,0.2582
238107,0.2577
238157,0.2577
238207,0.2569
238257,0.2569
238307,0.2567
238357,0.2562
238407,0.2565
238457,0.2565
238507,0.2571
238557,0.2569
238607,0.2572
238657,0.2572
238707,0.2574
238757,0.2578
238807,0.2582
238857,0.2584
238907,0.2579
238957,0.2588
239007,0.2586
239057,0.2581
239107,0.2583
239157,0.2586
239207,0.2578
239257,0.2575
239307,0.2579
239357,0.2583
239407,0.2581
239457,0.2574
239507,0.2575
239557,0.2578
239607,0.2573
239657,0.2569
239707,0.2566
239757,0.257
239807,0.2573
239857,0.2569
239907,0.2569
239954,0.4702
240004,0.2902
240054,0.2721
240104,0.2664
240154,0.2652
240204,0.2585
240254,0.2519
240304,0.2513
240354,0.2586
240404,0.2527
240454,0.2535
240504,0.2523
240554,0.2511
240604,0.2525
240654,0.2512
240704,0.2495
240754,0.2498
240804,0.25
240854,0.2499
240904,0.2542
240954,0.2546
241004,0.2568
241054,0.2549
241104,0.2547
241154,0.2551
241204,0.2542
241254,0.2542
241304,0.2559
241354,0.256
241404,0.2563
241454,0.257
241504,0.2583
241554,0.2575
241604,0.258
241654,0.2574
241704,0.2575
241754,0.2568
241804,0.2557
241854,0.2562
241904,0.2547
241954,0.2535
242004,0.2521
242054,0.2532
242104,0.2521
242154,0.2521
242204,0.2528
242254,0.2518
242304,0.252
242354,0.252
242404,0.2518
242454,0.2519
242504,0.2514
242554,0.251
242604,0.2508
242654,0.2505
242704,0.2502
242754,0.2498
242804,0.2496
242854,0.2492
242904,0.249
242954,0.2493
243004,0.2497
243054,0.2502
243104,0.2512
243154,0.2509
243204,0.25
243254,0.2491
243304,0.249
243354,0.2497
243404,0.2502
243454,0.2497
243504,0.2495
243554,0.25
243604,0.2504
243654,0.2516
243704,0.2523
243754,0.252
243804,0.2526
243854,0.2523
243904,0.2526
243954,0.2528
244004,0.2526
244054,0.252
244104,0.252
244154,0.253
244204,0.2528
244254,0.2528
244304,0.2528
244354,0.2524
244404,0.2521
244454,0.2519
244504,0.2524
244554,0.252
244604,0.253
244654,0.2542
244704,0.254
244754,0.254
244804,0.255
244851,0.22
244901,0.2019
244951,0.2062
245001,0.2382
245051,0.2398
245101,0.2409
245151,0.2422
245201,0.2414
245251,0.2405
245301,0.2394
245351,0.2396
245401,0.2475
245451,0.2491
245501,0.25
245551,0.2475
245601,0.248
245651,0.2475
245701,0.2465
245751,0.2487
245801,0.249
245851,0.2491
245901,0.2521
245951,0.2519
246001,0.2572
246051,0.258
246101,0.259
246151,0.2633
246201,0.2615
246251,0.2615
246301,0.2622
246351,0.2627
246401,0.2617
246451,0.261
246501,0.2607
246551,0.26
246601,0.2603
246651,0.2627
246701,0.2623
246751,0.2628
246801,0.2614
246851,0.2601
246901,0.2592
246951,0.2586
247001,0.2583
247051,0.2572
247101,0.2575
247151,0.2568
247201,0.2558
247251,0.2562
247301,0.2568
247351,0.2561
247401,0.2564
247451,0.2581
247501,0.2577
247551,0.2583
247601,0.2586
247651,0.2582
247701,0.2574
247751,0.2564
247801,0.2558
247851,0.2574
247901,0.2577
247951,0.257
248001,0.2577
248051,0.2574
248101,0.2579
248151,0.2577
248201,0.2581
248251,0.2578
248301,0.2585
248351,0.2588
248401,0.2578
248451,0.2576
248501,0.2574
248551,0.2575
248601,0.2572
248651,0.2565
248701,0.2572
248751,0.2575
248801,0.2571
248851,0.2574
248901,0.2584
248951,0.2587
249001,0.2587
249051,0.2587
249101,0.2587
249151,0.2587
249201,0.2587
249251,0.2584
249301,0.2582
249351,0.258
249401,0.2585
249451,0.2582
249501,0.2582
249551,0.2577
249601,0.2572
249651,0.2568
249701,0.2566
249748,0.1172
249798,0.2522
249848,0.2325
249898,0.233
249948,0.2354
249998,0.2399
250048,0.2378
250098,0.2347
250148,0.2381
250198,0.2428
250248,0.2433
250298,0.2488
250348,0.2466
250398,0.2443
250448,0.2427
250498,0.2419
250548,0.2413
250598,0.2431
250648,0.243
250698,0.2418
250748,0.2449
250798,0.2468
250848,0.247
250898,0.2458
250948,0.2451
250998,0.2476
251048,0.247
251098,0.2467
251148,0.2467
251198,0.2491
251248,0.2503
251298,0.2497
251348,0.2504
251398,0.2495
251448,0.2492
251498,0.2491
251548,0.2481
251598,0.2482
251648,0.2492
251698,0.2488
251748,0.2489
251798,0.249
251848,0.2487
251898,0.2485
251948,0.2474
251998,0.2464
252048,0.2468
252098,0.2478
252148,0.2499
252198,0.2514
252248,0.2517
252298,0.252
252348,0.2527
252398,0.2544
252448,0.2549
252498,0.2544
252548,0.2541
252598,0.2539
252648,0.254
252698,0.2535
252748,0.2536
252798,0.2537
252848,0.2546
252898,0.2541
252948,0.2542
252998,0.2542
253048,0.2538
253098,0.2535
253148,0.2528
253198,0.2526
253248,0.2525
253298,0.2524
253348,0.2531
253398,0.2535
253448,0.2536
253498,0.2532
253548,0.2533
253598,0.2532
253648,0.2535
253698,0.2533
253748,0.2535
253798,0.2538
253848,0.2547
253898,0.2547
253948,0.2551
253998,0.2549
254048,0.255
254098,0.2545
254148,0.2554
254198,0.2554
254248,0.2548
254298,0.2553
254348,0.2549
254398,0.2551
254448,0.2547
254498,0.2543
254548,0.2541
254598,0.2538
254645,0.1857
254695,0.2452
254745,0.2855
254795,0.2584
254845,0.2691
254895,0.2613
254945,0.2537
254995,0.2474
255045,0.2573
255095,0.2582
255145,0.2549
255195,0.2548
255245,0.2497
255295,0.2496
255345,0.2491
255395,0.25
255445,0.2508
255495,0.252
255545,0.2508
255595,0.2504
255645,0.2503
255695,0.2476
255745,0.251
255795,0.2491
255845,0.249
255895,0.2482
255945,0.2474
255995,0.2465
256045,0.246
256095,0.2453
256145,0.2461
256195,0.2455
256245,0.2458
256295,0.2459
256345,0.2462
256395,0.2479
256445,0.247
256495,0.248
256545,0.2472
256595,0.2484
256645,0.2487
256695,0.2485
256745,0.2473
256795,0.246
256845,0.2454
256895,0.2444
256945,0.2453
256995,0.2443
257045,0.2453
257095,0.2454
257145,0.2445
257195,0.2453
257245,0.2461
257295,0.2463
257345,0.2469
257395,0.246
257445,0.2463
257495,0.2455
257545,0.246
257595,0.2458
257645,0.2458
257695,0.2462
257745,0.2458
257795,0.2466
257845,0.2476
257895,0.2484
257945,0.2488
257995,0.2485
258045,0.2485
258095,0.249
258145,0.2487
258195,0.2478
258245,0.2485
258295,0.2482
258345,0.2486
258395,0.2488
258445,0.2491
258495,0.2495
258545,0.2507
258595,0.2514
258645,0.2524
258695,0.2519
258745,0.2516
258795,0.2521
258845,0.2523
258895,0.2524
258945,0.2521
258995,0.2522
259045,0.2521
259095,0.2519
259145,0.2523
259195,0.2523
259245,0.2526
259295,0.2529
259345,0.2532
259395,0.2531
259445,0.2529
259495,0.2527
259542,0.1019
259592,0.2365
259642,0.2722
259692,0.2717
259742,0.265
259792,0.2681
259842,0.2649
259892,0.2614
259942,0.2618
259992,0.2639
260042,0.2615
260092,0.2578
260142,0.2571
260192,0.2552
260242,0.256
260292,0.2556
260342,0.2591
260392,0.2606
260442,0.2596
260492,0.2567
260542,0.2588
260592,0.2579
260642,0.2574
260692,0.2573
260742,0.2539
260792,0.2537
260842,0.2551
260892,0.2544
260942,0.2539
260992,0.255
261042,0.2535
261092,0.2539
261142,0.2524
261192,0.2544
261242,0.254
261292,0.2532
261342,0.2542
261392,0.2543
261442,0.2532
261492,0.2517
261542,0.2521
261592,0.2522
261642,0.2516
261692,0.2511
261742,0.2527
261792,0.2523
261842,0.2518
261892,0.2533
261942,0.2523
261992,0.2528
262042,0.2536
262092,0.2531
262142,0.2535
262192,0.2527
262242,0.2522
262292,0.2518
262342,0.2514
262392,0.2529
262442,0.2531
262492,0.2537
262542,0.2542
262592,0.2535
262642,0.2536
262692,0.2528
262742,0.2536
262792,0.2551
262842,0.2549
262892,0.2556
262942,0.2566
262992,0.2568
263042,0.2567
263092,0.2565
263142,0.2571
263192,0.2566
263242,0.256
263292,0.256
263342,0.2561
263392,0.256
263442,0.2552
263492,0.2556
263542,0.2563
263592,0.2561
263642,0.2562
263692,0.256
263742,0.2558
263792,0.255
263842,0.2545
263892,0.2548
263942,0.2556
263992,0.2559
264042,0.2559
264092,0.2555
264142,0.2552
264192,0.255
264242,0.2544
264292,0.2542
264342,0.2543
264392,0.2548
264439,0.2303
264489,0.282
264539,0.2687
264589,0.2709
264639,0.2584
264689,0.2461
264739,0.2433
264789,0.2478
264839,0.2455
264889,0.2441
264939,0.2514
264989,0.2515
265039,0.2545
265089,0.2542
265139,0.2498
265189,0.2475
265239,0.2479
265289,0.2474
265339,0.2448
265389,0.2447
265439,0.2462
265489,0.2471
265539,0.2478
265589,0.2481
265639,0.2476
265689,0.2482
265739,0.2467
265789,0.2471
265839,0.2478
265889,0.2475
265939,0.2454
265989,0.2447
266039,0.2438
266089,0.2443
266139,0.2451
266189,0.2461
266239,0.2462
266289,0.2462
266339,0.2452
266389,0.2456
266439,0.2456
266489,0.2457
266539,0.2458
266589,0.2451
266639,0.2437
266689,0.2446
266739,0.245
266789,0.245
266839,0.2457
266889,0.247
266939,0.2477
266989,0.2477
267039,0.2474
267089,0.2469
267139,0.2475
267189,0.2475
267239,0.2476
267289,0.2478
267339,0.2483
267389,0.2493
267439,0.2496
267489,0.2486
267539,0.2476
267589,0.2482
267639,0.2489
267689,0.2489
267739,0.2486
267789,0.2487
267839,0.2492
267889,0.2486
267939,0.2483
267989,0.2496
268039,0.2512
268089,0.2519
268139,0.2518
268189,0.2525
268239,0.2525
268289,0.2534
268339,0.2541
268389,0.2541
268439,0.254
268489,0.2536
268539,0.2533
268589,0.2531
268639,0.2529
268689,0.2527
268739,0.2525
268789,0.2523
268839,0.2523
268889,0.2525
268939,0.2523
268989,0.2525
269039,0.2521
269089,0.2522
269139,0.2517
269189,0.2519
269239,0.2526
269289,0.2522
269336,0.1107
269386,0.2493
269436,0.2492
269486,0.2512
269536,0.2369
269586,0.239
269636,0.2414
269686,0.2404
269736,0.2387
269786,0.242
269836,0.2426
269886,0.2432
269936,0.2422
269986,0.2395
270036,0.2374
270086,0.236
270136,0.2375
270186,0.236
270236,0.2369
270286,0.237
270336,0.2411
270386,0.2395
270436,0.2425
270486,0.2427
270536,0.242
270586,0.2408
270636,0.241
270686,0.2416
270736,0.2416
270786,0.2438
270836,0.2446
270886,0.2441
270936,0.2436
270986,0.2429
271036,0.2428
271086,0.2462
271136,0.2471
271186,0.2458
271236,0.2462
271286,0.246
271336,0.2445
271386,0.2444
271436,0.2454
271486,0.2439
271536,0.2439
271586,0.2433
271636,0.2434
271686,0.2426
271736,0.2422
271786,0.2428
271836,0.2422
271886,0.2422
271936,0.2417
271986,0.2412
272036,0.2448
272086,0.2456
272136,0.2467
272186,0.2476
272236,0.2479
272286,0.2482
272336,0.2481
272386,0.2494
272436,0.2491
272486,0.2505
272536,0.2515
272586,0.2525
272636,0.2525
272686,0.2529
272736,0.2528
272786,0.2525
272836,0.2526
272886,0.2525
272936,0.2522
272986,0.2522
273036,0.2523
273086,0.2525
273136,0.2525
273186,0.2521
273236,0.2522
273286,0.2526
273336,0.2535
273386,0.2545
273436,0.2541
273486,0.254
273536,0.2542
273586,0.2552
273636,0.2553
273686,0.2553
273736,0.2547
273786,0.2545
273836,0.254
273886,0.2535
273936,0.2528
273986,0.2523
274036,0.2526
274086,0.2525
274136,0.2518
274186,0.2518
274233,0.0922
274283,0.2009
274333,0.2005
274383,0.2075
274433,0.2131
274483,0.2245
274533,0.2219
274583,0.2302
274633,0.2297
274683,0.2335
274733,0.234
274783,0.2385
274833,0.2474
274883,0.2467
274933,0.2459
274983,0.2506
275033,0.2538
275083,0.2556
275133,0.2552
275183,0.2525
275233,0.2543
275283,0.253
275333,0.2532
275383,0.2521
275433,0.2527
275483,0.2513
275533,0.25
275583,0.2492
275633,0.252
275683,0.2504
275733,0.2489
275783,0.2491
275833,0.2496
275883,0.2504
275933,0.2516
275983,0.2515
276033,0.2535
276083,0.2533
276133,0.2532
276183,0.2544
276233,0.2544
276283,0.2557
276333,0.2557
276383,0.2565
276433,0.2572
276483,0.2564
276533,0.2563
276583,0.2557
276633,0.2542
276683,0.2534
276733,0.2533
276783,0.2539
276833,0.254
276883,0.2539
276933,0.2533
276983,0.2535
277033,0.2535
277083,0.2538
277133,0.2534
277183,0.2533
277233,0.2535
277283,0.2537
277333,0.2533
277383,0.2528
277433,0.2528
277483,0.2519
277533,0.2519
277583,0.2524
277633,0.2526
277683,0.2524
277733,0.2524
277783,0.2524
277833,0.2517
277883,0.2516
277933,0.2511
277983,0.252
278033,0.2517
278083,0.2514
278133,0.2517
278183,0.252
278233,0.2523
278283,0.2529
278333,0.2525
278383,0.2522
278433,0.2522
278483,0.2521
278533,0.2525
278583,0.2529
278633,0.2524
278683,0.2524
278733,0.2521
278783,0.252
278833,0.2526
278883,0.2523
278933,0.2521
278983,0.2522
279033,0.2518
279083,0.2515
279130,0.6322
279180,0.284
279230,0.2477
279280,0.2637
279330,0.2654
279380,0.2598
279430,0.2596
279480,0.2569
279530,0.261
279580,0.2574
279630,0.2563
279680,0.2538
279730,0.2481
279780,0.2603
279830,0.2575
279880,0.2581
279930,0.2576
279980,0.2571
280030,0.2557
280080,0.2588
280130,0.2599
280180,0.2577
280230,0.2548
280280,0.2548
280330,0.2545
280380,0.253
280430,0.2532
280480,0.2522
280530,0.2516
280580,0.2505
280630,0.2495
280680,0.2474
280730,0.2477
280780,0.2475
280830,0.246
280880,0.2465
280930,0.246
280980,0.2458
281030,0.2443
281080,0.2448
281130,0.2454
281180,0.2449
281230,0.2452
281280,0.2445
281330,0.2439
281380,0.2449
281430,0.2458
281480,0.2478
281530,0.2487
281580,0.2487
281630,0.2497
281680,0.2497
281730,0.2495
281780,0.2489
281830,0.2483
281880,0.249
281930,0.2497
281980,0.2493
282030,0.2506
282080,0.2507
282130,0.2503
282180,0.2497
282230,0.249
282280,0.2489
282330,0.249
282380,0.25
282430,0.2503
282480,0.2507
282530,0.2508
282580,0.2505
282630,0.2497
282680,0.2497
282730,0.2487
282780,0.25
282830,0.2499
282880,0.2497
282930,0.2496
282980,0.2496
283030,0.2496
283080,0.2491
283130,0.2491
283180,0.2488
283230,0.2485
283280,0.2485
283330,0.2486
283380,0.2485
283430,0.2485
283480,0.2482
283530,0.2478
283580,0.2479
283630,0.2478
283680,0.2478
283730,0.2478
283780,0.2477
283830,0.2494
283880,0.2493
283930,0.2492
283980,0.2489
284027,0.3381
284077,0.2909
284127,0.2527
284177,0.2603
284227,0.258
284277,0.2643
284327,0.2808
284377,0.2784
284427,0.2713
284477,0.2685
284527,0.267
284577,0.2627
284627,0.2591
284677,0.2553
284727,0.2523
284777,0.252
284827,0.2576
284877,0.2563
284927,0.2561
284977,0.2582
285027,0.2594
285077,0.2579
285127,0.2572
285177,0.2554
285227,0.2541
285277,0.2519
285327,0.2507
285377,0.2515
285427,0.2511
285477,0.2509
285527,0.2496
285577,0.2511
285627,0.2502
285677,0.2491
285727,0.2495
285777,0.2495
285827,0.2487
285877,0.2476
285927,0.2458
285977,0.2456
286027,0.245
286077,0.2447
286127,0.2444
286177,0.2472
286227,0.2471
286277,0.2482
286327,0.2486
286377,0.248
286427,0.2493
286477,0.2504
286527,0.2505
286577,0.252
286627,0.2531
286677,0.2534
286727,0.2527
286777,0.2516
286827,0.2516
286877,0.2518
286927,0.2525
286977,0.2531
287027,0.2533
287077,0.253
287127,0.2529
287177,0.2526
287227,0.2524
287277,0.2518
287327,0.2514
287377,0.2509
287427,0.2499
287477,0.2496
287527,0.249
287577,0.2494
287627,0.2489
287677,0.2483
287727,0.2487
287777,0.2485
287827,0.2488
287877,0.2488
287927,0.2499
287977,0.25
288027,0.2495
288077,0.2499
288127,0.25
288177,0.2499
288227,0.2497
288277,0.2496
288327,0.2491
288377,0.2493
288427,0.2492
288477,0.2494
288527,0.2495
288577,0.249
288627,0.2485
288677,0.2485
288727,0.2488
288777,0.2484
288827,0.2482
288877,0.2478
288924,0.1065
288974,0.2627
289024,0.2579
289074,0.2617
289124,0.2615
289174,0.2474
289224,0.2406
289274,0.2407
289324,0.2413
289374,0.2431
289424,0.2417
289474,0.2394
289524,0.2386
289574,0.2353
289624,0.2342
289674,0.2345
289724,0.236
289774,0.2372
289824,0.2365
289874,0.2355
289924,0.2367
289974,0.2361
290024,0.2365
290074,0.2403
290124,0.2409
290174,0.2438
290224,0.2428
290274,0.2422
290324,0.2448
290374,0.2454
290424,0.2451
290474,0.2456
290524,0.2449
290574,0.2454
290624,0.2446
290674,0.2448
290724,0.2463
290774,0.2461
290824,0.2469
290874,0.2466
290924,0.2461
290974,0.2467
291024,0.2462
291074,0.2455
291124,0.2457
291174,0.2449
291224,0.2452
291274,0.2453
291324,0.2457
291374,0.2449
291424,0.2445
291474,0.2449
291524,0.244
291574,0.2447
291624,0.2447
291674,0.2447
291724,0.2448
291774,0.2441
291824,0.2439
291874,0.2443
291924,0.244
291974,0.2442
292024,0.2444
292074,0.2442
292124,0.244
292174,0.2437
292224,0.2435
292274,0.2432
292324,0.2428
292374,0.2425
292424,0.243
292474,0.2429
292524,0.2425
292574,0.2431
292624,0.2438
292674,0.2438
292724,0.2437
292774,0.2432
292824,0.2442
292874,0.2443
292924,0.2436
292974,0.244
293024,0.2438
293074,0.2437
293124,0.2437
293174,0.2441
293224,0.244
293274,0.244
293324,0.2443
293374,0.2439
293424,0.2437
293474,0.2443
293524,0.2443
293574,0.2445
293624,0.2449
293674,0.2448
293724,0.2449
293774,0.2448
293821,0.1879
293871,0.239
293921,0.2275
293971,0.2313
294021,0.2354
294071,0.2659
294121,0.2696
294171,0.2651
294221,0.2604
294271,0.2607
294321,0.2595
294371,0.2542
294421,0.252
294471,0.2506
294521,0.2487
294571,0.2464
294621,0.245
294671,0.2455
294721,0.2441
294771,0.2433
294821,0.2443
294871,0.2428
294921,0.2413
294971,0.2412
295021,0.2477
295071,0.2487
295121,0.2503
295171,0.2493
295221,0.2492
295271,0.2475
295321,0.2476
295371,0.2485
295421,0.2488
295471,0.2495
295521,0.2498
295571,0.2506
295621,0.2498
295671,0.2496
295721,0.2485
295771,0.2481
295821,0.249
295871,0.2487
295921,0.2486
295971,0.2483
296021,0.2486
296071,0.2502
296121,0.2501
296171,0.2495
296221,0.2484
296271,0.248
296321,0.2477
296371,0.2473
296421,0.2466
296471,0.2461
296521,0.2462
296571,0.2464
296621,0.2464
296671,0.246
296721,0.2455
296771,0.2458
296821,0.2456
296871,0.2456
296921,0.2451
296971,0.2458
297021,0.2464
297071,0.2469
297121,0.2469
297171,0.247
297221,0.2469
297271,0.2466
297321,0.2462
297371,0.2462
297421,0.2465
297471,0.2463
297521,0.2462
297571,0.246
297621,0.2469
297671,0.2471
297721,0.2475
297771,0.2472
297821,0.2474
297871,0.247
297921,0.2468
297971,0.2462
298021,0.2457
298071,0.2451
298121,0.2454
298171,0.2459
298221,0.2458
298271,0.2457
298321,0.2461
298371,0.2457
298421,0.246
298471,0.2465
298521,0.2467
298571,0.2464
298621,0.2468
298671,0.2473
298718,0.095
298768,0.205
298818,0.2287
298868,0.2185
298918,0.2399
298968,0.2409
299018,0.238
299068,0.2335
299118,0.2374
299168,0.2362
299218,0.236
299268,0.2452
299318,0.2456
299368,0.2467
299418,0.248
299468,0.2474
299518,0.2464
299568,0.2444
299618,0.2426
299668,0.2433
299718,0.2424
299768,0.2414
299818,0.2405
299868,0.2386
299918,0.2372
299968,0.2381
300018,0.238
300068,0.2388
300118,0.2394
300168,0.2392
300218,0.2402
300268,0.2395
300318,0.2385
300368,0.2381
300418,0.2373
300468,0.2377
300518,0.2378
300568,0.2396
300618,0.24
300668,0.2412
300718,0.2407
300768,0.2395
300818,0.2393
300868,0.2402
300918,0.2406
300968,0.2411
301018,0.2424
301068,0.2429
301118,0.2417
301168,0.243
301218,0.2434
301268,0.2448
301318,0.2452
301368,0.2449
301418,0.2449
301468,0.245
301518,0.2446
301568,0.2441
301618,0.2442
301668,0.2443
301718,0.245
301768,0.2467
301818,0.2463
301868,0.2457
301918,0.2456
301968,0.2452
302018,0.2452
302068,0.2452
302118,0.2444
302168,0.244
302218,0.244
302268,0.244
302318,0.2446
302368,0.2444
302418,0.2438
302468,0.2438
302518,0.244
302568,0.244
302618,0.2437
302668,0.2433
302718,0.2431
302768,0.2431
302818,0.2427
302868,0.2428
302918,0.2436
302968,0.2432
303018,0.2432
303068,0.2431
303118,0.2436
303168,0.2432
303218,0.2442
303268,0.244
303318,0.2439
303368,0.2442
303418,0.2439
303468,0.2446
303518,0.2443
303568,0.2441
303615,0.1226
303665,0.2253
303715,0.2412
303765,0.244
303815,0.2339
303865,0.2297
303915,0.2301
303965,0.2344
304015,0.2366
304065,0.2413
304115,0.244
304165,0.2366
304215,0.2382
304265,0.2361
304315,0.2344
304365,0.2332
304415,0.2346
304465,0.2372
304515,0.2372
304565,0.2364
304615,0.2376
304665,0.2366
304715,0.2362
304765,0.2338
304815,0.2344
304865,0.2345
304915,0.2362
304965,0.2359
305015,0.2343
305065,0.2371
305115,0.2375
305165,0.2379
305215,0.2386
305265,0.2381
305315,0.2397
305365,0.2391
305415,0.24
305465,0.2395
305515,0.24
305565,0.2387
305615,0.239
305665,0.2391
305715,0.2407
305765,0.2409
305815,0.2396
305865,0.2391
305915,0.2388
305965,0.2401
306015,0.2393
306065,0.2414
306115,0.2422
306165,0.2424
306215,0.2422
306265,0.2429
306315,0.2425
306365,0.2426
306415,0.242
306465,0.2428
306515,0.2433
306565,0.2434
306615,0.2438
306665,0.2432
306715,0.243
306765,0.2426
306815,0.2425
306865,0.2427
306915,0.243
306965,0.2428
307015,0.2426
307065,0.2426
307115,0.242
307165,0.2424
307215,0.2429
307265,0.2435
307315,0.2445
307365,0.2448
307415,0.2447
307465,0.245
307515,0.2454
307565,0.2455
307615,0.2458
307665,0.2463
307715,0.2463
307765,0.2465
307815,0.2459
307865,0.2464
307915,0.2463
307965,0.2463
308015,0.2464
308065,0.2462
308115,0.2457
308165,0.2452
308215,0.2456
308265,0.2455
308315,0.2454
308365,0.2453
308415,0.2453
308465,0.2458
308512,0.1542
308562,0.2683
308612,0.3102
308662,0.2989
308712,0.2802
308762,0.2739
308812,0.277
308862,0.277
308912,0.2777
308962,0.2829
309012,0.276
309062,0.2757
309112,0.2713
309162,0.2708
309212,0.2657
309262,0.264
309312,0.2616
309362,0.2595
309412,0.2574
309462,0.2555
309512,0.2564
309562,0.2557
309612,0.2556
309662,0.2535
309712,0.2535
309762,0.2539
309812,0.2532
309862,0.2525
309912,0.2521
309962,0.252
310012,0.2521
310062,0.2506
310112,0.2508
310162,0.2527
310212,0.252
310262,0.252
310312,0.25
310362,0.25
310412,0.2511
310462,0.2491
310512,0.2491
310562,0.2505
310612,0.2495
310662,0.2485
310712,0.2476
310762,0.2472
310812,0.2479
310862,0.2476
310912,0.2471
310962,0.246
311012,0.2459
311062,0.2459
311112,0.2456
311162,0.2445
311212,0.2441
311262,0.2449
311312,0.2457
311362,0.2452
311412,0.2451
311462,0.2457
311512,0.245
311562,0.2448
311612,0.2449
311662,0.2445
311712,0.2445
311762,0.2446
311812,0.2443
311862,0.245
311912,0.2449
311962,0.2452
312012,0.2452
312062,0.2449
312112,0.2445
312162,0.2444
312212,0.2444
312262,0.2438
312312,0.2436
312362,0.2431
312412,0.243
312462,0.2427
312512,0.2429
312562,0.2427
312612,0.243
312662,0.2429
312712,0.2432
312762,0.243
312812,0.2431
312862,0.2437
312912,0.2435
312962,0.2431
313012,0.2436
313062,0.244
313112,0.2443
313162,0.2445
313212,0.2449
313262,0.2449
313312,0.2449
313362,0.2452
313409,0.1056
313459,0.2005
313509,0.2
313559,0.2198
313609,0.2415
313659,0.2407
313709,0.2367
313759,0.2401
313809,0.2409
313859,0.2407
313909,0.2414
313959,0.2426
314009,0.2452
314059,0.2425
314109,0.2444
314159,0.2469
314209,0.248
314259,0.2508
314309,0.2502
314359,0.2502
314409,0.2492
314459,0.2457
314509,0.2448
314559,0.2455
314609,0.2474
314659,0.2468
314709,0.2459
314759,0.2461
314809,0.2468
314859,0.2489
314909,0.2479
314959,0.2484
315009,0.2481
315059,0.2475
315109,0.2474
315159,0.2475
315209,0.2471
315259,0.2467
315309,0.2461
315359,0.2452
315409,0.2455
315459,0.2446
315509,0.2452
315559,0.2442
315609,0.2443
315659,0.2438
315709,0.2443
315759,0.2436
315809,0.2433
315859,0.243
315909,0.2435
315959,0.2438
316009,0.2431
316059,0.2439
316109,0.2437
316159,0.2427
316209,0.2441
316259,0.2437
316309,0.2432
316359,0.2432
316409,0.2434
316459,0.2431
316509,0.2427
316559,0.2424
316609,0.2421
316659,0.2421
316709,0.2411
316759,0.2408
316809,0.2403
316859,0.2401
316909,0.2411
316959,0.2429
317009,0.2429
317059,0.2432
317109,0.2428
317159,0.2436
317209,0.2433
317259,0.2432
317309,0.2441
317359,0.244
317409,0.2446
317459,0.2441
317509,0.244
317559,0.2439
317609,0.2437
317659,0.243
317709,0.2429
317759,0.2428
317809,0.2423
317859,0.2426
317909,0.2423
317959,0.2427
318009,0.2423
318059,0.2427
318109,0.2433
318159,0.2432
318209,0.243
318259,0.2426
318306,0.0872
318356,0.17
318406,0.1946
318456,0.2048
318506,0.2222
318556,0.2375
318606,0.2422
318656,0.2422
318706,0.2361
318756,0.2319
318806,0.2399
318856,0.2396
318906,0.2432
318956,0.2417
319006,0.2407
319056,0.2444
319106,0.2459
319156,0.2484
319206,0.2488
319256,0.2446
319306,0.2434
319356,0.2458
319406,0.2459
319456,0.2457
319506,0.2461
319556,0.2446
319606,0.2455
319656,0.2471
319706,0.2465
319756,0.247
319806,0.2453
319856,0.2448
319906,0.2457
319956,0.2448
320006,0.2471
320056,0.246
320106,0.2455
320156,0.2448
320206,0.2441
320256,0.2439
320306,0.244
320356,0.2446
320406,0.2455
320456,0.2449
320506,0.2452
320556,0.2447
320606,0.2453
320656,0.2456
320706,0.2462
320756,0.2464
320806,0.2469
320856,0.2474
320906,0.2465
320956,0.2461
321006,0.2456
321056,0.2454
321106,0.2449
321156,0.2452
321206,0.2458
321256,0.2463
321306,0.2454
321356,0.2451
321406,0.2454
321456,0.2448
321506,0.245
321556,0.2448
321606,0.2442
321656,0.2435
321706,0.2431
321756,0.2433
321806,0.2434
321856,0.2429
321906,0.2425
321956,0.2428
322006,0.2425
322056,0.2424
322106,0.2431
322156,0.2432
322206,0.2427
322256,0.2425
322306,0.2428
322356,0.2427
322406,0.2426
322456,0.2424
322506,0.242
322556,0.2418
322606,0.2418
322656,0.2418
322706,0.2415
322756,0.2416
322806,0.2414
322856,0.2417
322906,0.2417
322956,0.2413
323006,0.2414
323056,0.2412
323106,0.241
323156,0.2412
323203,0.0921
323253,0.2118
323303,0.2104
323353,0.2271
323403,0.2292
323453,0.239
323503,0.2414
323553,0.245
323603,0.2462
323653,0.2483
323703,0.2517
323753,0.2511
323803,0.246
323853,0.2464
323903,0.2494
323953,0.2478
324003,0.246
324053,0.2476
324103,0.2455
324153,0.2438
324203,0.2426
324253,0.2417
324303,0.241
324353,0.2403
324403,0.2397
324453,0.2387
324503,0.2385
324553,0.2375
324603,0.2369
324653,0.2355
324703,0.2353
324753,0.235
324803,0.2353
324853,0.2386
324903,0.2381
324953,0.2391
325003,0.2407
325053,0.2408
325103,0.241
325153,0.2398
325203,0.2386
325253,0.238
325303,0.2392
325353,0.2394
325403,0.2393
325453,0.238
325503,0.2381
325553,0.2369
325603,0.2383
325653,0.2384
325703,0.2383
325753,0.2378
325803,0.2373
325853,0.2378
325903,0.2379
325953,0.2377
326003,0.2396
326053,0.239
326103,0.2384
326153,0.239
326203,0.2391
326253,0.2387
326303,0.2383
326353,0.2379
326403,0.2377
326453,0.2375
326503,0.2382
326553,0.2378
326603,0.2398
326653,0.2405
326703,0.2406
326753,0.2404
326803,0.2407
326853,0.2404
326903,0.2402
326953,0.24
327003,0.24
327053,0.2397
327103,0.2395
327153,0.2391
327203,0.2392
327253,0.2387
327303,0.2401
327353,0.2408
327403,0.2414
327453,0.2412
327503,0.2407
327553,0.2407
327603,0.2406
327653,0.2403
327703,0.2404
327753,0.2408
327803,0.2407
327853,0.2403
327903,0.2408
327953,0.2409
328003,0.2408
328053,0.2408
328100,0.1257
328150,0.2667
328200,0.2439
328250,0.2396
328300,0.2295
328350,0.23
328400,0.2253
328450,0.2265
328500,0.226
328550,0.233
328600,0.2329
328650,0.2272
328700,0.2331
328750,0.2333
328800,0.2313
328850,0.2287
328900,0.2302
328950,0.2279
329000,0.2293
329050,0.2279
329100,0.2284
329150,0.2275
329200,0.2267
329250,0.2328
329300,0.2329
329350,0.2336
329400,0.2325
329450,0.2312
329500,0.2341
329550,0.234
329600,0.2342
329650,0.2338
329700,0.2344
329750,0.2335
329800,0.2331
329850,0.2334
329900,0.2343
329950,0.2329
330000,0.2329
330050,0.2335
330100,0.2339
330150,0.2381
330200,0.2395
330250,0.2385
330300,0.2378
330350,0.2371
330400,0.2371
330450,0.2363
330500,0.2372
330550,0.2366
330600,0.2368
330650,0.2365
330700,0.2362
330750,0.236
330800,0.2362
330850,0.2367
330900,0.2355
330950,0.2358
331000,0.2354
331050,0.2348
331100,0.2349
331150,0.2358
331200,0.2353
331250,0.2356
331300,0.2358
331350,0.2357
331400,0.2361
331450,0.2361
331500,0.2359
331550,0.2362
331600,0.2368
331650,0.2375
331700,0.2375
331750,0.2374
331800,0.2379
331850,0.238
331900,0.238
331950,0.2388
332000,0.2386
332050,0.2384
332100,0.2389
332150,0.2392
332200,0.2389
332250,0.2388
332300,0.2384
332350,0.2384
332400,0.2387
332450,0.2385
332500,0.2386
332550,0.239
332600,0.24
332650,0.2396
332700,0.2399
332750,0.2402
332800,0.2398
332850,0.2396
332900,0.2393
332950,0.2397
332997,0.165
333047,0.2249
333097,0.24
333147,0.2376
333197,0.252
333247,0.2507
333297,0.2484
333347,0.2449
333397,0.2462
333447,0.2466
333497,0.2513
333547,0.2531
333597,0.2529
333647,0.2545
333697,0.2511
333747,0.2495
333797,0.2491
333847,0.2444
333897,0.2418
333947,0.2409
333997,0.2437
334047,0.245
334097,0.242
334147,0.2407
334197,0.2394
334247,0.2393
334297,0.2397
334347,0.2384
334397,0.236
334447,0.2358
334497,0.2338
334547,0.2314
334597,0.2309
334647,0.231
334697,0.2314
334747,0.2314
334797,0.2333
334847,0.234
334897,0.2341
334947,0.2345
334997,0.2344
335047,0.2345
335097,0.2343
335147,0.2351
335197,0.2357
335247,0.2361
335297,0.2365
335347,0.2363
335397,0.2357
335447,0.2361
335497,0.2361
335547,0.2373
335597,0.2369
335647,0.2367
335697,0.2376
335747,0.2384
335797,0.2372
335847,0.2377
335897,0.2374
335947,0.2365
335997,0.2359
336047,0.2359
336097,0.2358
336147,0.2353
336197,0.2352
336247,0.2348
336297,0.2351
336347,0.2355
336397,0.2365
336447,0.2368
336497,0.2376
336547,0.2381
336597,0.2376
336647,0.2379
336697,0.2376
336747,0.2373
336797,0.2383
336847,0.2383
336897,0.2384
336947,0.2382
336997,0.2376
337047,0.2378
337097,0.2376
337147,0.2377
337197,0.2378
337247,0.2377
337297,0.2376
337347,0.2378
337397,0.2379
337447,0.238
337497,0.2382
337547,0.2388
337597,0.2389
337647,0.2389
337697,0.2386
337747,0.2383
337797,0.2383
337847,0.2386
337894,0.2799
337944,0.2688
337994,0.2479
338044,0.2346
338094,0.2307
338144,0.2444
338194,0.2369
338244,0.2485
338294,0.2453
338344,0.247
338394,0.2486
338444,0.2449
338494,0.2419
338544,0.2408
338594,0.2419
338644,0.2401
338694,0.2399
338744,0.2395
338794,0.244
338844,0.2446
338894,0.244
338944,0.2438
338994,0.2497
339044,0.2516
339094,0.2506
339144,0.2504
339194,0.2482
339244,0.2469
339294,0.2449
339344,0.2457
339394,0.244
339444,0.2416
339494,0.2407
339544,0.2397
339594,0.2386
339644,0.2387
339694,0.2371
339744,0.2357
339794,0.2356
339844,0.2372
339894,0.237
339944,0.2367
339994,0.2374
340044,0.2374
340094,0.2363
340144,0.2361
340194,0.2353
340244,0.2365
340294,0.2359
340344,0.235
340394,0.2353
340444,0.235
340494,0.2355
340544,0.2349
340594,0.2356
340644,0.2357
340694,0.236
340744,0.2359
340794,0.2369
340844,0.2374
340894,0.2367
340944,0.2366
340994,0.2375
341044,0.2381
341094,0.2378
341144,0.2371
341194,0.2365
341244,0.2363
341294,0.2354
341344,0.2353
341394,0.2348
341444,0.235
341494,0.2353
341544,0.2348
341594,0.2353
341644,0.2355
341694,0.2352
341744,0.2353
341794,0.2349
341844,0.235
341894,0.2343
341944,0.2344
341994,0.2354
342044,0.2355
342094,0.236
342144,0.2367
342194,0.2366
342244,0.2365
342294,0.2362
342344,0.2364
342394,0.2361
342444,0.2358
342494,0.2361
342544,0.2361
342594,0.2366
342644,0.2363
342694,0.2372
342744,0.237
342791,0.1325
342841,0.2793
342891,0.2632
342941,0.2581
342991,0.2566
343041,0.2437
343091,0.2466
343141,0.2433
343191,0.2414
343241,0.2438
343291,0.2459
343341,0.2414
343391,0.2481
343441,0.246
343491,0.2418
343541,0.2399
343591,0.2392
343641,0.2382
343691,0.2353
343741,0.2346
343791,0.2321
343841,0.2329
343891,0.2318
343941,0.2308
343991,0.2321
344041,0.231
344091,0.2321
344141,0.2329
344191,0.2324
344241,0.2324
344291,0.2325
344341,0.2327
344391,0.232
344441,0.2322
344491,0.2314
344541,0.2313
344591,0.2325
344641,0.2333
344691,0.2313
344741,0.2319
344791,0.2313
344841,0.2302
344891,0.2305
344941,0.2313
344991,0.2315
345041,0.231
345091,0.2304
345141,0.2299
345191,0.2302
345241,0.2295
345291,0.2299
345341,0.2299
345391,0.2306
345441,0.2301
345491,0.2299
345541,0.2293
345591,0.231
345641,0.2303
345691,0.2304
345741,0.2308
345791,0.2305
345841,0.2304
345891,0.2309
345941,0.2309
345991,0.2306
346041,0.2317
346091,0.232
346141,0.232
346191,0.2315
346241,0.2316
346291,0.232
346341,0.2319
346391,0.2319
346441,0.2326
346491,0.2327
346541,0.2331
346591,0.2335
346641,0.2334
346691,0.2327
346741,0.2328
346791,0.2326
346841,0.2332
346891,0.2344
346941,0.2343
346991,0.2337
347041,0.2342
347091,0.2338
347141,0.2338
347191,0.2337
347241,0.2335
347291,0.2342
347341,0.2341
347391,0.2337
347441,0.234
347491,0.2351
347541,0.2358
347591,0.2359
347641,0.2356
347688,0.1266
347738,0.2257
347788,0.2222
347838,0.226
347888,0.2403
347938,0.243
347988,0.2437
348038,0.2415
348088,0.2369
348138,0.2331
348188,0.2306
348238,0.2276
348288,0.2258
348338,0.2289
348388,0.229
348438,0.2274
348488,0.2237
348538,0.2229
348588,0.2231
348638,0.2226
348688,0.226
348738,0.2262
348788,0.2261
348838,0.2273
348888,0.2266
348938,0.227
348988,0.2285
349038,0.2316
349088,0.2314
349138,0.2344
349188,0.235
349238,0.235
349288,0.2353
349338,0.2357
349388,0.2345
349438,0.2362
349488,0.2367
349538,0.2358
349588,0.2358
349638,0.2373
349688,0.2382
349738,0.2381
349788,0.2378
349838,0.2374
349888,0.2364
349938,0.2369
349988,0.2368
350038,0.237
350088,0.237
350138,0.2372
350188,0.2368
350238,0.2389
350288,0.2411
350338,0.241
350388,0.2425
350438,0.2418
350488,0.2415
350538,0.242
350588,0.2421
350638,0.2418
350688,0.241
350738,0.2401
350788,0.24
350838,0.2395
350888,0.2387
350938,0.2388
350988,0.2386
351038,0.2384
351088,0.2387
351138,0.2395
351188,0.2402
351238,0.2398
351288,0.2396
351338,0.2401
351388,0.2399
351438,0.2396
351488,0.2394
351538,0.2391
351588,0.2389
351638,0.2393
351688,0.2392
351738,0.2388
351788,0.2389
351838,0.2388
351888,0.2387
351938,0.2388
351988,0.2387
352038,0.2387
352088,0.2393
352138,0.2396
352188,0.2391
352238,0.2392
352288,0.2387
352338,0.2384
352388,0.2384
352438,0.2381
352488,0.2377
352538,0.2372
